Date,Open,High,Low,Close,Adj Close,Volume,Daily_Return,Adj Close Diff
2018-04-20,25.799999237060547,26.18000030517578,25.670000076293945,25.81999969482422,25.81999969482422,1.3757771659183362,,
2018-04-23,25.940000534057617,26.190000534057617,25.799999237060547,25.799999237060547,25.799999237060547,0.16293723653611492,-0.07746110766871928,-0.020000457763671875
2018-04-24,25.770000457763672,25.790000915527344,24.899999618530277,25.149999618530277,25.149999618530277,0.6443569856641554,-2.5193784408976794,-0.6499996185302699
2018-04-25,25.07999992370605,25.8799991607666,24.96999931335449,25.34000015258789,25.34000015258789,0.6663164829928029,0.7554693317673999,0.19000053405761363
2018-04-26,25.5,26.68000030517578,25.31999969482422,26.46999931335449,26.46999931335449,0.5852352620870276,4.459349463149853,1.129999160766598
2018-04-27,26.229999542236328,26.90999984741211,26.045000076293945,26.700000762939453,26.700000762939453,1.343682515976467,0.8689136968315969,0.2300014495849645
2018-04-30,26.649999618530277,26.649999618530277,26.107999801635746,26.18000030517578,26.18000030517578,0.07678843932372872,-1.947567201891065,-0.5200004577636719
2018-05-01,26.18000030517578,26.905000686645508,25.96999931335449,26.350000381469727,26.350000381469727,0.1781399654559478,0.6493509332019975,0.1700000762939453
2018-05-02,26.549999237060547,27.239999771118164,26.3799991607666,26.950000762939453,26.950000762939453,-0.3691582756580351,2.2770412629354864,0.6000003814697266
2018-05-03,26.540000915527344,27.790000915527344,26.270000457763672,26.43000030517578,26.43000030517578,-0.6124019383753608,-1.9295007162996258,-0.5200004577636719
2018-05-04,26.290000915527344,26.8799991607666,26.11000061035156,26.51000022888184,26.51000022888184,-0.6782804303613031,0.30268604911969366,0.07999992370605824
2018-05-07,26.6299991607666,27.07999992370605,26.6299991607666,26.920000076293945,26.920000076293945,-0.8235509511508171,1.5465856049500237,0.4099998474121058
2018-05-08,26.65999984741211,26.71999931335449,26.299999237060547,26.700000762939453,26.700000762939453,-0.20192825753987365,-0.817233702566833,-0.2199993133544922
2018-05-09,26.32999992370605,26.600000381469727,26.32999992370605,26.600000381469727,26.600000381469727,-0.9620647035315165,-0.37453325322945874,-0.10000038146972656
2018-05-10,27.18000030517578,27.63999938964844,27.0,27.1200008392334,27.1200008392334,-0.49753687542551256,1.954888910926167,0.5200004577636719
2018-05-11,26.86000061035156,27.399999618530277,26.30599975585937,27.399999618530277,27.399999618530277,-0.7424697302450419,1.0324438445142414,0.27999877929687855
2018-05-14,27.21999931335449,27.21999931335449,26.82999992370605,27.049999237060547,27.049999237060547,0.8166545800889278,-1.2773736727829332,-0.3500003814697301
2018-05-15,26.65999984741211,27.57999992370605,26.270000457763672,27.149999618530277,27.149999618530277,-0.6546317409304521,0.3696871877642227,0.10000038146973012
2018-05-16,27.01000022888184,27.01000022888184,26.020000457763672,26.59000015258789,26.59000015258789,-0.4924692991189016,-2.062613163206739,-0.5599994659423864
2018-05-17,26.649999618530277,26.920000076293945,26.375,26.6299991607666,26.6299991607666,-0.9265916693852398,0.15042876250159765,0.03999900817871094
2018-05-18,27.020000457763672,27.149999618530277,26.059999465942383,26.4950008392334,26.4950008392334,0.7288165907743379,-0.5069407652558033,-0.13499832153320312
2018-05-21,26.90999984741211,27.100000381469727,25.739999771118164,26.07999992370605,26.07999992370605,1.232195837231026,-1.5663366762865727,-0.4150009155273473
2018-05-22,26.920000076293945,27.479999542236328,26.899999618530277,26.920000076293945,26.920000076293945,-0.5803072884334914,3.2208594902040533,0.8400001525878942
2018-05-23,26.75,27.5,26.5,27.5,27.5,0.5936812225980459,2.154531656992109,0.5799999237060547
2018-05-24,26.84000015258789,27.299999237060547,26.75,26.809999465942383,26.809999465942383,4.286255158015226,-2.5090928511186106,-0.6900005340576172
2018-05-25,26.6200008392334,26.82999992370605,26.56999969482422,26.809999465942383,26.809999465942383,-0.4738881859946614,0.0,0.0
2018-05-29,25.850000381469727,26.280000686645508,25.731000900268555,26.020000457763672,26.020000457763672,0.689965172423654,-2.946658052650364,-0.7899990081787109
2018-05-30,26.780000686645508,27.170000076293945,26.420000076293945,27.09000015258789,27.09000015258789,-0.9029429799543888,4.112220122982202,1.0699996948242188
2018-05-31,26.82999992370605,27.108999252319336,25.8799991607666,26.489999771118164,26.489999771118164,-0.4823341465056797,-2.2148408198233605,-0.6000003814697266
2018-06-01,26.59000015258789,27.030000686645508,26.43000030517578,26.65999984741211,26.65999984741211,-0.3049689757742964,0.6417518979343173,0.1700000762939453
2018-06-04,27.15999984741211,27.23500061035156,26.440000534057617,26.989999771118164,26.989999771118164,0.13084258659424555,1.2378091732738294,0.3299999237060547
2018-06-05,27.100000381469727,27.40999984741211,26.68000030517578,27.01000022888184,27.01000022888184,0.5328703069187144,0.07410321575873624,0.020000457763675428
2018-06-06,27.34000015258789,27.399999618530277,27.01000022888184,27.01000022888184,27.01000022888184,0.06496409460830317,0.0,0.0
2018-06-07,27.290000915527344,27.290000915527344,26.76000022888184,27.200000762939453,27.200000762939453,-0.004292781582046511,0.7034451404944742,0.19000053405761363
2018-06-08,26.809999465942383,27.415000915527344,26.75,27.040000915527344,27.040000915527344,3.733889340594633,-0.588234716633218,-0.15999984741210938
2018-06-11,27.700000762939453,28.3700008392334,27.46500015258789,27.799999237060547,27.799999237060547,-0.3353744336139621,2.810644585062816,0.7599983215332031
2018-06-12,27.97100067138672,28.440000534057617,27.899999618530277,28.13999938964844,28.13999938964844,-0.08537400248782175,1.2230221651755802,0.3400001525878942
2018-06-13,28.11000061035156,29.0,27.920000076293945,28.63999938964844,28.63999938964844,0.3149645257344435,1.7768301735782144,0.5
2018-06-14,28.290000915527344,29.07999992370605,27.950000762939453,28.709999084472656,28.709999084472656,1.1578713847340651,0.2444123474720339,0.0699996948242152
2018-06-15,28.1200008392334,29.479999542236328,27.799999237060547,29.270000457763672,29.270000457763672,1.4872638446637771,1.95054472709435,0.5600013732910156
2018-06-18,28.56999969482422,28.940000534057617,28.399999618530277,28.65999984741211,28.65999984741211,1.9703727858940212,-2.0840471500223834,-0.6100006103515625
2018-06-19,28.26000022888184,29.229999542236328,28.11000061035156,29.229999542236328,29.229999542236328,0.35888352039173843,1.9888335584750116,0.5699996948242188
2018-06-20,29.030000686645508,30.229999542236328,28.989999771118164,30.18000030517578,30.18000030517578,0.8335465011109643,3.2500881895900724,0.9500007629394531
2018-06-21,29.75,30.239999771118164,29.56999969482422,30.21999931335449,30.21999931335449,0.5142891937944742,0.13253481701207548,0.039999008178707385
2018-06-22,30.50200080871582,30.850000381469727,30.350000381469727,30.600000381469727,30.600000381469727,-0.7728751880847077,1.2574489634330055,0.3800010681152379
2018-06-25,30.649999618530277,30.709999084472656,30.200000762939453,30.40999984741211,30.40999984741211,0.4247620123776808,-0.6209167702255103,-0.1900005340576172
2018-06-26,30.43000030517578,30.61000061035156,29.88999938964844,30.280000686645508,30.280000686645508,0.9501007561630161,-0.4274881993386992,-0.12999916076660156
2018-06-27,30.68000030517578,30.68000030517578,29.774999618530277,30.1299991607666,30.1299991607666,-0.42321242292855193,-0.4953815141261253,-0.15000152587890625
2018-06-28,29.420000076293945,29.8799991607666,29.309999465942383,29.450000762939453,29.450000762939453,-0.45023949656381035,-2.2568815690927724,-0.6799983978271484
2018-06-29,30.21999931335449,30.700000762939453,30.200000762939453,30.34000015258789,30.34000015258789,-0.44855030446160665,3.022069156508933,0.8899993896484375
2018-07-02,30.299999237060547,30.56999969482422,30.15399932861328,30.280000686645508,30.280000686645508,-0.45530707287042127,-0.19775697310688845,-0.05999946594238281
2018-07-03,30.86000061035156,31.100000381469727,30.229999542236328,30.725000381469727,30.725000381469727,-0.2205093706641138,1.4696158676788862,0.44499969482421875
2018-07-05,30.899999618530277,30.899999618530277,30.309999465942383,30.43000030517578,30.43000030517578,-0.514428796447549,-0.9601304235356878,-0.2950000762939453
2018-07-06,31.11000061035156,31.540000915527344,31.100000381469727,31.540000915527344,31.540000915527344,-0.6157803225797681,3.6477180388419628,1.1100006103515625
2018-07-09,32.0,32.0,31.600000381469727,31.75,31.75,-0.8269293353552245,0.6658182573776372,0.20999908447265625
2018-07-10,31.8700008392334,32.02000045776367,31.729999542236328,31.899999618530277,31.899999618530277,-0.8539564089904829,0.472439743402453,0.149999618530277
2018-07-11,31.61000061035156,32.07500076293945,31.520000457763672,31.530000686645508,31.530000686645508,-0.7576724591648748,-1.159871273696944,-0.3699989318847692
2018-07-12,31.270000457763672,31.649999618530277,30.88999938964844,31.07999992370605,31.07999992370605,-0.3522663546359986,-1.427214567521573,-0.4500007629394567
2018-07-13,31.290000915527344,31.51000022888184,31.25900077819824,31.450000762939453,31.450000762939453,-0.7002399276899507,1.1904788936347055,0.370000839233402
2018-07-16,32.04999923706055,32.189998626708984,31.34000015258789,31.489999771118164,31.489999771118164,-0.0634145051591743,0.12718285280883812,0.03999900817871094
2018-07-17,32.25,32.68000030517578,32.189998626708984,32.68000030517578,32.68000030517578,0.06665328671050683,3.7789791765862724,1.1900005340576172
2018-07-18,32.7599983215332,32.93000030517578,32.630001068115234,32.93000030517578,32.93000030517578,1.5446963761387014,0.7649938729052064,0.25
2018-07-19,34.119998931884766,34.290000915527344,33.810001373291016,33.88999938964844,33.88999938964844,-0.19517148913105906,2.91527201814743,0.9599990844726562
2018-07-20,35.099998474121094,35.72999954223633,34.869998931884766,35.33000183105469,35.33000183105469,0.06496409460830317,4.249048295486513,1.44000244140625
2018-07-23,35.349998474121094,35.7400016784668,34.85699844360352,35.65999984741211,35.65999984741211,0.45347827811514285,0.9340447190901546,0.3299980163574219
2018-07-24,35.88999938964844,35.900001525878906,34.81999969482422,34.959999084472656,34.959999084472656,0.1730723891493368,-1.9629858831596514,-0.7000007629394531
2018-07-25,35.349998474121094,35.65999984741211,35.040000915527344,35.65999984741211,35.65999984741211,-0.04145500783052683,2.0022905642762323,0.7000007629394531
2018-07-26,34.95000076293945,35.11000061035156,34.25,34.29999923706055,34.29999923706055,-0.16476603129139333,-3.813798699301618,-1.3600006103515625
2018-07-27,34.45000076293945,34.59600067138672,34.310001373291016,34.47999954223633,34.47999954223633,-0.6968615434855433,0.5247822425059834,0.18000030517578125
2018-07-30,33.58000183105469,33.849998474121094,32.91999816894531,33.15999984741211,33.15999984741211,0.5700325331671948,-3.8283054302459707,-1.3199996948242188
2018-07-31,32.58000183105469,32.959999084472656,32.43000030517578,32.689998626708984,32.689998626708984,-0.43334757554177383,-1.4173740134676316,-0.470001220703125
2018-08-01,33.650001525878906,33.69900131225586,32.79999923706055,32.79999923706055,32.79999923706055,-0.49753687542551256,0.336496222002558,0.1100006103515625
2018-08-02,31.239999771118164,32.19300079345703,31.170000076293945,32.189998626708984,32.189998626708984,0.6443569856641554,-1.8597580016475268,-0.6100006103515625
2018-08-03,30.459999084472656,30.8700008392334,30.149999618530277,30.36000061035156,30.36000061035156,-0.04483339203493413,-5.684989420406572,-1.8299980163574254
2018-08-06,30.790000915527344,31.049999237060547,30.729999542236328,30.96999931335449,30.96999931335449,-0.558347791104844,2.0092183489447857,0.6099987030029297
2018-08-07,30.96999931335449,31.149999618530277,30.780000686645508,31.06999969482422,31.06999969482422,-0.7914563012089478,0.3228943612750168,0.10000038146973012
2018-08-08,30.739999771118164,30.770999908447266,30.450000762939453,30.700000762939453,30.700000762939453,-0.6056451699665462,-1.1908559237816863,-0.3699989318847656
2018-08-09,30.84000015258789,30.8799991607666,30.540000915527344,30.690000534057617,30.690000534057617,-0.5600369832070476,-0.032574034636212446,-0.010000228881835938
2018-08-10,30.270000457763672,30.649999618530277,29.850000381469727,30.649999618530277,30.649999618530277,-0.20192825753987365,-0.1303385950839231,-0.0400009155273402
2018-08-13,30.299999237060547,30.32999992370605,29.850000381469727,29.8799991607666,29.8799991607666,-0.7593616512670784,-2.5122364350639415,-0.7700004577636754
2018-08-14,29.100000381469727,29.18000030517578,28.459999084472656,28.57999992370605,28.57999992370605,-0.703618311894358,-4.350733847300403,-1.2999992370605504
2018-08-15,27.8799991607666,28.3700008392334,27.489999771118164,28.13999938964844,28.13999938964844,-0.3167933204897219,-1.5395400113092594,-0.4400005340576101
2018-08-16,28.299999237060547,28.500999450683597,28.11000061035156,28.459999084472656,28.459999084472656,-0.2526040206059832,1.1371702265989825,0.3199996948242152
2018-08-17,28.25,28.6299991607666,28.07999992370605,28.290000915527344,28.290000915527344,0.22543734431765,-0.5973231708150673,-0.1699981689453125
2018-08-20,28.670000076293945,28.799999237060547,28.559999465942383,28.559999465942383,28.559999465942383,-0.6782804303613031,0.9543956934509934,0.26999855041503906
2018-08-21,29.030000686645508,29.065000534057617,28.84000015258789,28.8700008392334,28.8700008392334,-0.7948346854133551,1.0854390024085614,0.3100013732910156
2018-08-22,29.030000686645508,29.299999237060547,29.0,29.190000534057617,29.190000534057617,-0.62591547519299,1.108415952622166,0.31999969482421875
2018-08-23,29.520000457763672,29.600000381469727,29.290000915527344,29.450000762939453,29.450000762939453,-0.7019291197921543,0.8907167664436333,0.26000022888183594
2018-08-24,29.3799991607666,29.40999984741211,29.09000015258789,29.1299991607666,29.1299991607666,-0.94517278250948,-1.086592848498491,-0.32000160217285156
2018-08-27,29.51000022888184,29.79599952697754,29.290000915527344,29.5,29.5,-0.7610508433692821,1.270171129052855,0.37000083923339844
2018-08-28,29.670000076293945,29.71999931335449,29.450000762939453,29.59000015258789,29.59000015258789,2.902806826310437,0.30508526300980776,0.09000015258789062
2018-08-29,29.61000061035156,30.0,29.46999931335449,29.520000457763672,29.520000457763672,-0.5161179885497527,-0.23656537500252872,-0.06999969482421875
2018-08-30,29.649999618530277,29.76000022888184,29.440000534057617,29.440000534057617,29.440000534057617,-0.13267138134952397,-0.27100244737636725,-0.07999992370605469
2018-08-31,29.270000457763672,29.56999969482422,29.18000030517578,29.56999969482422,29.56999969482422,-0.9029429799543888,0.44157322828921597,0.12999916076660156
2018-09-04,28.81999969482422,28.86000061035156,28.36000061035156,28.38999938964844,28.38999938964844,-0.1630768391891897,-3.990532016753179,-1.1800003051757777
2018-09-05,28.270000457763672,28.350000381469727,27.93000030517578,27.959999084472656,27.959999084472656,-0.06848208146578524,-1.5146189306808222,-0.4300003051757848
2018-09-06,27.90999984741211,27.90999984741211,27.26000022888184,27.26000022888184,27.26000022888184,-0.659699317237063,-2.503572526865905,-0.6999988555908168
2018-09-07,27.309999465942383,27.57999992370605,27.1299991607666,27.40999984741211,27.40999984741211,0.5632757647583801,0.550255382504905,0.14999961853026988
2018-09-10,27.68000030517578,27.68000030517578,27.149999618530277,27.15999984741211,27.15999984741211,0.6207082962333043,-0.9120758897910197,-0.25
2018-09-11,27.81999969482422,28.01000022888184,27.75,27.96999931335449,27.96999931335449,1.4957098051747955,2.9823250018153447,0.8099994659423793
2018-09-12,27.989999771118164,28.1200008392334,27.51000022888184,27.51000022888184,27.51000022888184,0.6781408277082284,-1.6446160020212042,-0.45999908447264914
2018-09-13,28.049999237060547,28.059999465942383,27.5,27.540000915527344,27.540000915527344,0.42645120447988444,0.10905374916720945,0.03000068664550426
2018-09-14,27.809999465942383,28.399999618530277,27.68000030517578,27.68000030517578,27.68000030517578,0.5683433410649911,0.5083492556076985,0.1399993896484375
2018-09-17,28.229999542236328,28.270000457763672,27.61000061035156,27.71999931335449,27.71999931335449,-0.48064495440347604,0.1445050857576291,0.039999008178707385
2018-09-18,27.15999984741211,27.5,27.049999237060547,27.06999969482422,27.06999969482422,-0.1039551156120619,-2.3448760268082847,-0.6499996185302699
2018-09-19,26.82999992370605,27.36000061035156,26.82999992370605,27.36000061035156,27.36000061035156,-0.73233457763182,1.0713000324960698,0.2900009155273402
2018-09-20,27.51000022888184,27.71999931335449,27.479999542236328,27.71999931335449,27.71999931335449,-0.7965238775155588,1.315784703845102,0.3599987030029297
2018-09-21,27.540000915527344,27.540000915527344,26.809999465942383,26.809999465942383,26.809999465942383,0.3774646335159786,-3.282827813685052,-0.9099998474121058
2018-09-24,26.6200008392334,26.92799949645996,26.6200008392334,26.809999465942383,26.809999465942383,-0.6749020461568959,0.0,0.0
2018-09-25,26.979999542236328,27.25,26.979999542236328,27.01000022888184,27.01000022888184,-0.20530664174428095,0.7459931627135097,0.20000076293945668
2018-09-26,26.93000030517578,27.3799991607666,26.93000030517578,27.190000534057617,27.190000534057617,-0.8556456010926865,0.6664209687170075,0.1800003051757777
2018-09-27,26.5,26.68000030517578,26.5,26.63999938964844,26.63999938964844,-0.9316592456918508,-2.0228066701221903,-0.5500011444091761
2018-09-28,26.450000762939453,26.850000381469727,26.43000030517578,26.700000762939453,26.700000762939453,-0.8167941827420026,0.22523038538178053,0.06000137329101207
2018-10-01,27.540000915527344,27.700000762939453,27.270000457763672,27.34000015258789,27.34000015258789,-0.3167933204897219,2.397001390864295,0.6399993896484375
2018-10-02,26.459999084472656,26.68000030517578,26.32999992370605,26.399999618530277,26.399999618530277,-0.26442836532140873,-3.438187742543364,-0.9400005340576136
2018-10-03,26.649999618530277,26.649999618530277,26.26000022888184,26.26000022888184,26.26000022888184,-0.8336861037640391,-0.5303007260279324,-0.1399993896484375
2018-10-04,26.13999938964844,26.13999938964844,24.989999771118164,25.09000015258789,25.09000015258789,-0.28132028634344525,-4.455445796253777,-1.1700000762939489
2018-10-05,24.700000762939453,24.850000381469727,24.420000076293945,24.59499931335449,24.59499931335449,-0.7306453855296163,-1.9729009016460464,-0.495000839233402
2018-10-08,23.709999084472656,24.06999969482422,23.700000762939453,23.93000030517578,23.93000030517578,-0.5786180963312878,-2.7037976285595122,-0.6649990081787074
2018-10-09,23.18000030517578,23.71999931335449,23.100000381469727,23.32999992370605,23.32999992370605,-0.40800969400871906,-2.5073145583702994,-0.6000003814697301
2018-10-10,23.030000686645508,23.030000686645508,22.38999938964844,22.38999938964844,22.38999938964844,-0.4198340387241446,-4.029149323324511,-0.9400005340576101
2018-10-11,23.71999931335449,23.71999931335449,22.899999618530277,22.899999618530277,22.899999618530277,-0.5059828359365308,2.2778036747853836,0.5100002288818359
2018-10-12,23.51000022888184,23.649999618530277,23.07999992370605,23.350000381469727,23.350000381469727,-0.7931454933111515,1.9650688665309612,0.4500007629394496
2018-10-15,23.229999542236328,23.76000022888184,23.170000076293945,23.420000076293945,23.420000076293945,0.14773450761628207,0.29978455537744697,0.06999969482421875
2018-10-16,24.06999969482422,25.3799991607666,24.020000457763672,24.350000381469727,24.350000381469727,0.2896266442013887,3.970966277310728,0.9300003051757812
2018-10-17,24.3700008392334,24.56999969482422,24.11000061035156,24.200000762939453,24.200000762939453,-0.9215240930786289,-0.6160148508433827,-0.14999961853027344
2018-10-18,24.540000915527344,24.690000534057617,24.299999237060547,24.43000030517578,24.43000030517578,-0.8624023695015012,0.9504113015920135,0.22999954223632812
2018-10-19,24.1200008392334,24.549999237060547,24.07999992370605,24.07999992370605,24.07999992370605,-0.7171318487119872,-1.432666300031027,-0.3500003814697301
2018-10-22,24.07999992370605,24.38999938964844,23.71999931335449,23.71999931335449,23.71999931335449,-0.7779427643913186,-1.4950191507149935,-0.3600006103515625
2018-10-23,22.84000015258789,23.549999237060547,22.75,23.520000457763672,23.520000457763672,-0.4350367676439775,-0.843165520153355,-0.19999885559081676
2018-10-24,23.07999992370605,23.1200008392334,22.020000457763672,22.239999771118164,22.239999771118164,-0.7407805381428383,-5.4421796842397345,-1.2800006866455078
2018-10-25,22.280000686645508,22.46999931335449,22.09000015258789,22.09000015258789,22.09000015258789,-0.8573347931948901,-0.6744587233542543,-0.14999961853027344
2018-10-26,22.06999969482422,22.34000015258789,21.75,22.0,22.0,-0.872537522114723,-0.4074248617755072,-0.09000015258789062
2018-10-29,22.850000381469727,22.94499969482422,22.309999465942383,22.31999969482422,22.31999969482422,-0.8015914538221697,1.4545440673828125,0.31999969482421875
2018-10-30,21.899999618530277,22.51000022888184,21.899999618530277,21.959999084472656,21.959999084472656,0.8453708458263899,-1.6129059824093184,-0.3600006103515625
2018-10-31,22.950000762939453,23.450000762939453,22.93000030517578,23.020000457763672,23.020000457763672,0.4669918149327721,4.826964560488145,1.0600013732910156
2018-11-01,25.959999084472656,27.26000022888184,25.959999084472656,27.18000030517578,27.18000030517578,0.5514514200429546,18.07124137571039,4.159999847412109
2018-11-02,27.239999771118164,27.270000457763672,26.75,26.86000061035156,26.86000061035156,-0.3928069650888862,-1.1773351406596078,-0.3199996948242223
2018-11-05,27.15999984741211,27.459999084472656,24.780000686645508,24.780000686645508,24.780000686645508,-0.26442836532140873,-7.743856576475439,-2.079999923706051
2018-11-06,28.739999771118164,29.40999984741211,28.65999984741211,28.950000762939453,28.950000762939453,0.2946942205079997,16.828087008654723,4.170000076293945
2018-11-07,29.920000076293945,30.729999542236328,29.729999542236328,30.32999992370605,30.32999992370605,-0.7458481144494492,4.766836353708204,1.379999160766598
2018-11-08,31.020000457763672,31.32999992370605,30.899999618530277,31.020000457763672,31.020000457763672,-0.7846995328001332,2.2749770385535495,0.6900005340576207
2018-11-09,30.309999465942383,30.309999465942383,29.63999938964844,30.059999465942383,30.059999465942383,-0.7526048828582638,-3.0947807145535355,-0.9600009918212891
2018-11-12,28.8700008392334,28.88999938964844,27.90999984741211,28.059999465942383,28.059999465942383,0.6257758725399153,-6.653360064979297,-2.0
2018-11-13,28.100000381469727,28.81999969482422,27.88999938964844,28.32999992370605,28.32999992370605,-0.0701712735679889,0.9622254558179222,0.2700004577636683
2018-11-14,28.229999542236328,28.229999542236328,27.20499992370605,27.420000076293945,27.420000076293945,-0.7509156907560601,-3.2121420750539253,-0.9099998474121058
2018-11-15,27.0,27.924999237060547,26.780000686645508,27.84000015258789,27.84000015258789,-0.7120642724053762,1.5317289391879152,0.4200000762939453
2018-11-16,28.049999237060547,28.6299991607666,27.8799991607666,28.600000381469727,28.600000381469727,-0.9080105562609997,2.72988586464209,0.7600002288818359
2018-11-19,28.0,28.229999542236328,27.440000534057617,27.729999542236328,27.729999542236328,-0.7610508433692821,-3.0419609357665633,-0.8700008392333984
2018-11-20,26.399999618530277,26.8700008392334,26.399999618530277,26.670000076293945,26.670000076293945,-0.5819964805356951,-3.8225729658879715,-1.0599994659423828
2018-11-21,26.6299991607666,26.940000534057617,26.6200008392334,26.68000030517578,26.68000030517578,-0.7897671091067442,0.03749617117820847,0.010000228881835938
2018-11-23,28.07999992370605,28.559999465942383,28.07999992370605,28.3700008392334,28.3700008392334,-0.9620647035315165,6.3343347628439295,1.6900005340576172
2018-11-26,28.61000061035156,29.61000061035156,28.61000061035156,29.239999771118164,29.239999771118164,-0.4840233386078833,3.066615813002116,0.8699989318847656
2018-11-27,28.18000030517578,28.520000457763672,27.809999465942383,28.520000457763672,28.520000457763672,-0.7238886171208018,-2.4623779719234906,-0.7199993133544922
2018-11-28,28.399999618530277,28.86000061035156,27.799999237060547,28.600000381469727,28.600000381469727,2.4974007217815606,0.28050463682329774,0.07999992370605469
2018-11-29,28.809999465942383,29.399999618530277,28.549999237060547,29.01000022888184,29.01000022888184,0.4517890860129392,1.4335658809212948,0.4099998474121129
2018-11-30,28.81999969482422,29.3700008392334,28.479999542236328,29.3700008392334,29.3700008392334,-0.4316583834395702,1.240953490214558,0.36000061035155895
2018-12-03,29.63999938964844,30.07999992370605,29.429000854492188,30.07999992370605,30.07999992370605,-0.3894285808844789,2.4174295682151126,0.7099990844726527
2018-12-04,29.36000061035156,29.36000061035156,27.88999938964844,28.21999931335449,28.21999931335449,1.2811824081949317,-6.183512683075831,-1.8600006103515625
2018-12-06,27.38999938964844,28.11000061035156,27.06599998474121,28.11000061035156,28.11000061035156,-0.10057673140765461,-0.3897898854691828,-0.10999870300292969
2018-12-07,28.21999931335449,28.540000915527344,27.540000915527344,27.6299991607666,27.6299991607666,-0.5397666779806038,-1.7075824943532547,-0.4800014495849574
2018-12-10,28.700000762939453,28.700000762939453,28.020000457763672,28.450000762939453,28.450000762939453,-0.5786180963312878,2.967794524356049,0.8200016021728516
2018-12-11,28.0,28.290000915527344,27.5,28.149999618530277,28.149999618530277,0.6950327487302649,-1.0544855408228138,-0.30000114440917613
2018-12-12,28.15999984741211,28.799999237060547,28.15999984741211,28.57999992370605,28.57999992370605,-0.11577946032748747,1.5275321882872062,0.43000030517577414
2018-12-13,28.649999618530277,28.739999771118164,27.88999938964844,27.950000762939453,27.950000762939453,-0.6580101251348593,-2.2043357678389497,-0.629999160766598
2018-12-14,27.420000076293945,27.790000915527344,27.229999542236328,27.700000762939453,27.700000762939453,-0.514428796447549,-0.8944543584109343,-0.25
2018-12-17,27.3700008392334,27.780000686645508,26.75,26.84000015258789,26.84000015258789,-0.47726657019906876,-3.1046952587170273,-0.8600006103515625
2018-12-18,26.979999542236328,27.100000381469727,26.280000686645508,26.34000015258789,26.34000015258789,0.06496409460830317,-1.8628911965627881,-0.5
2018-12-19,26.850000381469727,26.979999542236328,25.940000534057617,26.100000381469727,26.100000381469727,-0.553280214798233,-0.9111608569773888,-0.23999977111816406
2018-12-20,26.309999465942383,26.38999938964844,25.540000915527344,25.76000022888184,25.76000022888184,-0.026252278910693972,-1.302682557925472,-0.3400001525878871
2018-12-21,26.0,26.100000381469727,25.549999237060547,26.0,26.0,-0.5769289042290842,0.931676121838998,0.2399997711181605
2018-12-24,25.724000930786133,25.724000930786133,25.489999771118164,25.489999771118164,25.489999771118164,-1.0211864271086444,-1.9615393418532134,-0.5100002288818359
2018-12-26,25.299999237060547,25.729999542236328,25.1299991607666,25.40999984741211,25.40999984741211,-0.7221994250185981,-0.3138482715747237,-0.07999992370605469
2018-12-27,24.729999542236328,25.13999938964844,24.542999267578125,24.90999984741211,24.90999984741211,-0.6884155829745251,-1.9677292522727874,-0.5
2018-12-28,25.30299949645996,25.600000381469727,25.09000015258789,25.190000534057617,25.190000534057617,-0.911388940465407,1.1240493310344046,0.2800006866455078
2018-12-31,25.989999771118164,25.989999771118164,25.209999084472656,25.299999237060547,25.299999237060547,-0.6512533567260448,0.4366760645924117,0.10999870300292969
2019-01-02,25.76000022888184,26.21999931335449,25.559999465942383,25.68000030517578,25.68000030517578,-0.3066581678765,1.5019805516776064,0.3800010681152344
2019-01-03,25.479999542236328,25.479999542236328,25.030000686645508,25.06999969482422,25.06999969482422,-0.7897671091067442,-2.3753917566294525,-0.6100006103515625
2019-01-04,25.809999465942383,26.649999618530277,25.809999465942383,26.57999992370605,26.57999992370605,-0.7171318487119872,6.023136207670454,1.5100002288818324
2019-01-07,27.76000022888184,28.26000022888184,27.700000762939453,28.26000022888184,28.26000022888184,-0.7880779170045404,6.3205429270051905,1.6800003051757884
2019-01-08,28.489999771118164,28.940000534057617,28.239999771118164,28.940000534057617,28.940000534057617,-0.799902261719966,2.406228944332467,0.6800003051757777
2019-01-09,29.270000457763672,29.38999938964844,28.75,29.31999969482422,29.31999969482422,-0.6613885093392666,1.3130585824260965,0.37999916076660156
2019-01-10,29.280000686645508,29.559999465942383,28.6200008392334,28.6200008392334,28.6200008392334,-0.08199561828341445,-2.3874449620625016,-0.6999988555908203
2019-01-11,29.8700008392334,29.8700008392334,29.170000076293945,29.270000457763672,29.270000457763672,0.07509924722152508,2.2711376641164405,0.6499996185302734
2019-01-14,28.51000022888184,29.18000030517578,28.5,28.68000030517578,28.68000030517578,-0.8640915616037048,-2.015716239701648,-0.5900001525878906
2019-01-15,29.350000381469727,29.84000015258789,29.34000015258789,29.84000015258789,29.84000015258789,-0.9536187430204983,4.044629829389401,1.1599998474121094
2019-01-16,29.81999969482422,29.81999969482422,29.31999969482422,29.530000686645508,29.530000686645508,-0.9012537878521851,-1.0388721995884365,-0.3099994659423828
2019-01-17,29.190000534057617,29.22800064086914,29.040000915527344,29.11000061035156,29.11000061035156,-1.007672890291015,-1.4222826499421193,-0.42000007629394887
2019-01-18,28.690000534057617,29.059999465942383,28.540000915527344,28.75,28.75,-0.9907809692689786,-1.2366904939999923,-0.36000061035155895
2019-01-22,28.93000030517578,29.15999984741211,28.68000030517578,29.15999984741211,29.15999984741211,-0.6478749725216375,1.4260864257812589,0.4099998474121094
2019-01-23,29.190000534057617,29.549999237060547,29.020000457763672,29.1299991607666,29.1299991607666,-0.9265916693852398,-0.10288301372597397,-0.030000686645507812
2019-01-24,29.059999465942383,29.299999237060547,28.549999237060547,28.549999237060547,28.549999237060547,-0.7509156907560601,-1.9910742891033784,-0.5799999237060547
2019-01-25,29.729999542236328,29.940000534057617,29.40999984741211,29.709999084472656,29.709999084472656,-0.4299691913373665,4.06304685958212,1.1599998474121094
2019-01-28,27.65999984741211,28.15999984741211,27.5,28.0,28.0,-0.6613885093392666,-5.755634928196118,-1.7099990844726562
2019-01-29,27.670000076293945,28.209999084472656,27.549999237060547,27.729999542236328,27.729999542236328,-0.17152279970020795,-0.9642873491559678,-0.2700004577636719
2019-01-30,27.149999618530277,27.700000762939453,24.239999771118164,24.239999771118164,24.239999771118164,-0.882672674727945,-12.585646695747144,-3.489999771118164
2019-01-31,26.489999771118164,27.190000534057617,26.01000022888184,26.040000915527344,26.040000915527344,1.4568583868241114,7.425747365533697,1.8000011444091797
2019-02-01,26.850000381469727,27.0,26.190000534057617,26.6299991607666,26.6299991607666,-0.1968606812332627,2.2657381893079975,0.5899982452392578
2019-02-04,27.020000457763672,27.270000457763672,26.88999938964844,26.88999938964844,26.88999938964844,-0.7137534645075798,0.9763433611552408,0.2600002288818395
2019-02-05,26.850000381469727,27.350000381469727,26.850000381469727,26.979999542236328,26.979999542236328,-0.9333484377940544,0.3346974883998488,0.09000015258788707
2019-02-06,27.020000457763672,27.207000732421875,26.799999237060547,26.799999237060547,26.799999237060547,-0.9738890482469421,-0.6671620023343428,-0.18000030517578125
2019-02-07,26.420000076293945,26.739999771118164,26.299999237060547,26.511999130249023,26.511999130249023,-0.7357129618362274,-1.0746272948144786,-0.28800010681152344
2019-02-08,26.18000030517578,26.59000015258789,26.030000686645508,26.309999465942383,26.309999465942383,-0.6850371987701178,-0.7619178897609769,-0.20199966430664062
2019-02-11,26.489999771118164,26.770000457763672,26.19499969482422,26.32999992370605,26.32999992370605,-0.9046321720565924,0.07601846510698618,0.020000457763668322
2019-02-12,27.07999992370605,27.132999420166016,26.799999237060547,27.0,27.0,-0.9316592456918508,2.544626199146771,0.6700000762939489
2019-02-13,27.530000686645508,27.559999465942383,26.989999771118164,27.46999931335449,27.46999931335449,-0.8117266064353916,1.7407381976092262,0.46999931335448863
2019-02-14,27.200000762939453,27.520000457763672,26.989999771118164,27.18000030517578,27.18000030517578,-0.8353752958662427,-1.055693539962066,-0.2899990081787074
2019-02-15,27.209999084472656,27.472999572753903,27.13999938964844,27.450000762939453,27.450000762939453,-0.8742267142169267,0.9933791564831429,0.2700004577636719
2019-02-19,26.790000915527344,27.149999618530277,26.729999542236328,26.770000457763672,26.770000457763672,-0.8894294431367595,-2.4772323725901546,-0.6800003051757812
2019-02-20,26.739999771118164,26.86000061035156,26.559999465942383,26.559999465942383,26.559999465942383,-0.9620647035315165,-0.7844639082192684,-0.21000099182128906
2019-02-21,26.57999992370605,26.57999992370605,26.15399932861328,26.450000762939453,26.450000762939453,-0.9265916693852398,-0.41415175156152007,-0.10999870300292969
2019-02-22,25.799999237060547,25.924999237060547,24.530000686645508,24.530000686645508,24.530000686645508,-0.8286185274574281,-7.258979285112776,-1.9200000762939453
2019-02-25,25.989999771118164,26.190000534057617,25.520000457763672,25.739999771118164,25.739999771118164,0.022734292053211903,4.932731555655434,1.2099990844726562
2019-02-26,25.979999542236328,26.200000762939453,25.78700065612793,26.0,26.0,-0.34888797043159125,1.0101019082897178,0.26000022888183594
2019-02-27,24.93000030517578,25.899999618530277,24.93000030517578,25.850000381469727,25.850000381469727,-0.24415806009496493,-0.5769216097318175,-0.14999961853027344
2019-02-28,25.59000015258789,26.030000686645508,25.558000564575195,25.729999542236328,25.729999542236328,0.9382764114475907,-0.4642198741297454,-0.12000083923339844
2019-03-01,26.270000457763672,26.34000015258789,25.8700008392334,26.170000076293945,26.170000076293945,0.16293723653611492,1.7100681767807435,0.4400005340576172
2019-03-04,26.459999084472656,26.57999992370605,25.952999114990234,26.479999542236328,26.479999542236328,2.3470626246854356,1.1845604319397518,0.3099994659423828
2019-03-05,26.239999771118164,26.854999542236328,26.239999771118164,26.43000030517578,26.43000030517578,-0.1394281497583386,-0.18881887433871425,-0.049999237060546875
2019-03-06,25.96999931335449,25.96999931335449,25.45400047302246,25.5,25.5,-0.4401043439505884,-3.5187298313941406,-0.9300003051757812
2019-03-07,24.649999618530277,25.18000030517578,24.56999969482422,24.700000762939453,24.700000762939453,-0.8134157985375953,-3.137251910041361,-0.7999992370605469
2019-03-08,24.530000686645508,24.600000381469727,24.040000915527344,24.600000381469727,24.600000381469727,-0.8269293353552245,-0.40485983150158056,-0.10000038146972656
2019-03-11,24.020000457763672,24.40999984741211,23.850000381469727,24.149999618530277,24.149999618530277,-0.6326722436018046,-1.829271365696472,-0.4500007629394496
2019-03-12,24.32999992370605,24.850000381469727,24.32999992370605,24.850000381469727,24.850000381469727,-0.882672674727945,2.8985539295923513,0.7000007629394496
2019-03-13,24.31999969482422,24.86000061035156,24.25,24.5,24.5,-0.3269284731029438,-1.4084522176937897,-0.35000038146972656
2019-03-14,24.729999542236328,24.739999771118164,24.25,24.32999992370605,24.32999992370605,-0.4688206096880505,-0.6938778624242858,-0.17000007629394887
2019-03-15,24.40999984741211,24.59000015258789,23.959999084472656,24.01000022888184,24.01000022888184,-0.1343605734517276,-1.3152474140060266,-0.31999969482421164
2019-03-18,23.540000915527344,23.93000030517578,23.520000457763672,23.670000076293945,23.670000076293945,-0.6732128540546922,-1.4160772567544777,-0.3400001525878942
2019-03-19,23.96999931335449,24.0,23.479999542236328,23.479999542236328,23.479999542236328,-0.882672674727945,-0.8027060982053302,-0.1900005340576172
2019-03-20,23.809999465942383,24.399999618530277,23.697999954223636,24.020000457763672,24.020000457763672,-0.7221994250185981,2.2998335862655317,0.5400009155273438
2019-03-21,23.020000457763672,23.63999938964844,23.0,23.43000030517578,23.43000030517578,-0.48740172281229066,-2.456287016419234,-0.5900001525878906
2019-03-22,23.420000076293945,23.459999084472656,22.93899917602539,22.940000534057617,22.940000534057617,-0.8066590301287806,-2.0913348900380546,-0.48999977111816406
2019-03-25,22.82999992370605,22.82999992370605,22.520000457763672,22.549999237060547,22.549999237060547,-0.23740129168615032,-1.7000927982458336,-0.3900012969970703
2019-03-26,23.200000762939453,23.59000015258789,23.170000076293945,23.59000015258789,23.59000015258789,-0.4992260675277162,4.61197760848755,1.0400009155273438
2019-03-27,23.209999084472656,23.229999542236328,22.709999084472656,22.8700008392334,22.8700008392334,-0.6765912382590995,-3.052137807110211,-0.7199993133544922
2019-03-28,22.780000686645508,22.86000061035156,22.459999084472656,22.549999237060547,22.549999237060547,-0.6799696224635068,-1.3992198969397962,-0.32000160217285156
2019-03-29,22.770000457763672,22.93899917602539,22.700000762939453,22.71999931335449,22.71999931335449,-0.9249024772830362,0.75388062991395,0.17000007629394176
2019-04-01,23.5,23.84000015258789,23.434999465942383,23.84000015258789,23.84000015258789,-0.6191587067841754,4.9295813075799,1.120000839233402
2019-04-02,24.459999084472656,24.65999984741211,24.270000457763672,24.46999931335449,24.46999931335449,-0.5330099095717892,2.642613912476044,0.629999160766598
2019-04-03,25.170000076293945,25.34000015258789,24.899999618530277,25.1299991607666,25.1299991607666,-0.7171318487119872,2.697179672791883,0.6599998474121129
2019-04-04,24.850000381469727,25.100000381469727,24.770000457763672,24.959999084472656,24.959999084472656,-0.8742267142169267,-0.6764826182698469,-0.1700000762939453
2019-04-05,25.420000076293945,25.530000686645508,24.940000534057617,25.200000762939453,25.200000762939453,-0.16814441549580064,0.9615452214343234,0.24000167846679688
2019-04-08,24.90999984741211,24.950000762939453,24.76000022888184,24.809999465942383,24.809999465942383,-0.9147673246698143,-1.5476241475779196,-0.3900012969970703
2019-04-09,24.899999618530277,25.049999237060547,24.69599914550781,24.739999771118164,24.739999771118164,-0.9417943983050727,-0.282143072676444,-0.06999969482421875
2019-04-10,25.15999984741211,25.530000686645508,25.01000022888184,25.01000022888184,25.01000022888184,-0.955307935122702,1.0913519008147965,0.2700004577636754
2019-04-11,25.030000686645508,25.030000686645508,24.3700008392334,24.3799991607666,24.3799991607666,-0.9654430877359238,-2.5189966507385475,-0.6300010681152379
2019-04-12,24.950000762939453,25.149999618530277,24.950000762939453,25.149999618530277,25.149999618530277,-0.9688214719403311,3.1583284834676872,0.7700004577636754
2019-04-15,25.26000022888184,25.3799991607666,24.8700008392334,25.350000381469727,25.350000381469727,-0.5330099095717892,0.795231673848984,0.20000076293944957
2019-04-16,24.989999771118164,25.09000015258789,24.65999984741211,24.65999984741211,24.65999984741211,-0.6242262830907863,-2.7218955569010217,-0.6900005340576172
2019-04-17,25.0,25.038000106811523,24.540000915527344,24.540000915527344,24.540000915527344,1.1071956216679557,-0.4866136765096507,-0.11999893188476562
2019-04-18,24.36000061035156,24.450000762939453,23.8799991607666,23.920000076293945,23.920000076293945,-0.9333484377940544,-2.5264906931649733,-0.6200008392333984
2019-04-22,24.440000534057617,24.440000534057617,23.8700008392334,23.989999771118164,23.989999771118164,-0.9755782403491458,0.29264086371634246,0.06999969482421875
2019-04-23,24.799999237060547,24.920000076293945,24.520000457763672,24.700000762939453,24.700000762939453,0.16462642863831858,2.9595706485836093,0.7100009918212891
2019-04-24,24.850000381469727,24.899999618530277,24.26000022888184,24.780000686645508,24.780000686645508,-0.8455104484794647,0.3238863207894571,0.07999992370605469
2019-04-25,24.43000030517578,24.6200008392334,24.280000686645508,24.290000915527344,24.290000915527344,-0.9755782403491458,-1.9774001514948902,-0.48999977111816406
2019-04-26,24.959999084472656,25.40999984741211,24.88999938964844,25.40999984741211,25.40999984741211,-0.8269293353552245,4.610946437506347,1.1199989318847656
2019-04-29,24.979999542236328,25.09000015258789,24.69499969482422,24.88999938964844,24.88999938964844,-0.7492264986538565,-2.0464402238736246,-0.5200004577636683
2019-04-30,24.90999984741211,24.93000030517578,24.6299991607666,24.65999984741211,24.65999984741211,-0.9536187430204983,-0.9240640734285654,-0.22999954223633168
2019-05-01,24.559999465942383,25.030000686645508,24.34000015258789,24.34000015258789,24.34000015258789,-0.8911186352389632,-1.297646783472306,-0.31999969482421875
2019-05-02,24.979999542236328,25.26000022888184,24.8799991607666,24.979999542236328,24.979999542236328,-0.8911186352389632,2.629414074101355,0.6399993896484375
2019-05-03,25.459999084472656,25.63999938964844,25.209999084472656,25.51000022888184,25.51000022888184,-0.916456516772018,2.121700145547978,0.5300006866455114
2019-05-06,24.57999992370605,25.65999984741211,24.19499969482422,25.25,25.25,-0.35564473884040587,-1.0192090417446287,-0.2600002288818395
2019-05-09,25.82999992370605,25.959999084472656,25.440000534057617,25.540000915527344,25.540000915527344,-0.4569962649726249,1.1485184773360135,0.29000091552734375
2019-05-13,24.790000915527344,24.8700008392334,24.040000915527344,24.059999465942383,24.059999465942383,-0.3167933204897219,-5.794837104665785,-1.480001449584961
2019-05-14,24.229999542236328,25.0,24.229999542236328,24.68000030517578,24.68000030517578,-0.8640915616037048,2.5768946508541113,0.6200008392333984
2019-05-15,24.270000457763672,24.893999099731445,24.270000457763672,24.809999465942383,24.809999465942383,-0.9401052062028691,0.5267388944859119,0.12999916076660156
2019-05-16,25.729999542236328,26.350000381469727,25.729999542236328,26.31999969482422,26.31999969482422,-0.46544222548364317,6.0862565956709025,1.510000228881836
2019-05-17,25.71999931335449,26.100000381469727,25.65999984741211,26.0,26.0,1.985575514813854,-1.2158043257392115,-0.31999969482421875
2019-05-20,26.190000534057617,26.420000076293945,25.989999771118164,26.170000076293945,26.170000076293945,-0.1039551156120619,0.6538464472844119,0.1700000762939453
2019-05-21,26.530000686645508,26.799999237060547,26.459999084472656,26.559999465942383,26.559999465942383,-0.5279423332651783,1.4902536817404055,0.3899993896484375
2019-05-23,26.1200008392334,26.149999618530277,25.770000457763672,25.84000015258789,25.84000015258789,-0.08199561828341445,-2.710840842740758,-0.7199993133544922
2019-05-24,26.1299991607666,26.450000762939453,26.06999969482422,26.40999984741211,26.40999984741211,-0.2559824048103905,2.205881158894396,0.5699996948242188
2019-05-28,26.31999969482422,26.61000061035156,25.479999542236328,26.149999618530277,26.149999618530277,2.1595623013408303,-0.9844764497691227,-0.2600002288818324
2019-05-29,25.06999969482422,25.09000015258789,24.71999931335449,24.770000457763672,24.770000457763672,-0.7019291197921543,-5.277243521597286,-1.3799991607666051
2019-05-30,24.559999465942383,24.799999237060547,24.440000534057617,24.489999771118164,24.489999771118164,-0.7982130696177624,-1.1304024282233982,-0.2800006866455078
2019-05-31,24.01000022888184,24.479999542236328,23.809999465942383,24.01000022888184,24.01000022888184,-0.5397666779806038,-1.9599818159345306,-0.4799995422363246
2019-06-03,23.76000022888184,23.84000015258789,23.420000076293945,23.479999542236328,23.479999542236328,-0.2559824048103905,-2.207416416464536,-0.5300006866455114
2019-06-04,23.40999984741211,23.40999984741211,23.07999992370605,23.239999771118164,23.239999771118164,-0.6191587067841754,-1.0221455527988699,-0.23999977111816406
2019-06-05,23.59000015258789,23.690000534057617,23.170000076293945,23.25,23.25,-0.693483159281136,0.04303024518212961,0.010000228881835938
2019-06-06,23.46999931335449,23.700000762939453,23.040000915527344,23.290000915527344,23.290000915527344,-0.14787411026935682,0.17204694850470048,0.04000091552734375
2019-06-07,23.59000015258789,23.71999931335449,23.3700008392334,23.420000076293945,23.420000076293945,-0.5667937516158622,0.558175850821585,0.12999916076660156
2019-06-10,23.450000762939453,23.6299991607666,23.290000915527344,23.309999465942383,23.309999465942383,-0.6292938593973973,-0.4696866353254503,-0.1100006103515625
2019-06-11,24.559999465942383,24.600000381469727,24.0,24.020000457763672,24.020000457763672,-0.28469867054785253,3.045907370605705,0.7100009918212891
2019-06-12,24.36000061035156,24.93000030517578,23.96999931335449,24.790000915527344,24.790000915527344,0.28455906789477775,3.2056637930445886,0.7700004577636719
2019-06-13,24.739999771118164,24.979999542236328,24.57999992370605,24.920000076293945,24.920000076293945,-0.18165795231342985,0.5244015972794003,0.12999916076660156
2019-06-14,24.790000915527344,24.8700008392334,24.670000076293945,24.84000015258789,24.84000015258789,0.027801868359822856,-0.321026980181105,-0.07999992370605469
2019-06-17,24.149999618530277,24.65999984741211,24.149999618530277,24.65999984741211,24.65999984741211,-0.3928069650888862,-0.7246389052740332,-0.18000030517578125
2019-06-18,24.799999237060547,25.309999465942383,24.78499984741211,25.229999542236328,25.229999542236328,-0.36071231514701685,2.311434299883164,0.5699996948242188
2019-06-19,24.959999084472656,25.770000457763672,24.700000762939453,25.09000015258789,25.09000015258789,-0.7509156907560601,-0.5548925572276375,-0.1399993896484375
2019-06-20,25.049999237060547,25.190000534057617,24.73500061035156,24.86000061035156,24.86000061035156,0.9399656035497943,-0.9166980503689137,-0.22999954223633168
2019-06-24,26.46999931335449,26.57999992370605,26.059999465942383,26.18000030517578,26.18000030517578,0.1223966260832273,5.309733155334606,1.3199996948242223
2019-06-25,25.350000381469727,25.5,24.731000900268555,24.790000915527344,24.790000915527344,-0.5549694069004367,-5.309394092610587,-1.3899993896484375
2019-06-26,23.670000076293945,23.82999992370605,23.420000076293945,23.729999542236328,23.729999542236328,-0.11409026822528381,-4.275923090535583,-1.0600013732910156
2019-06-27,23.51000022888184,23.8700008392334,23.489999771118164,23.8700008392334,23.8700008392334,0.7642896249206146,0.5899759784988134,0.1400012969970703
2019-06-28,24.049999237060547,24.46999931335449,23.96999931335449,24.13999938964844,24.13999938964844,-0.07186046567019254,1.1311208249782156,0.2699985504150426
2019-07-01,24.399999618530277,24.649999618530277,24.38999938964844,24.559999465942383,24.559999465942383,0.024423484155415554,1.7398512299633406,0.42000007629394176
2019-07-02,23.850000381469727,24.32999992370605,23.81999969482422,24.18000030517578,24.18000030517578,-0.07861723407900714,-1.5472278869287037,-0.37999916076660156
2019-07-03,24.459999084472656,24.65999984741211,24.42099952697754,24.530000686645508,24.530000686645508,-0.2999013994676854,1.4474788132852412,0.35000038146972656
2019-07-05,25.549999237060547,25.549999237060547,25.209999084472656,25.31999969482422,25.31999969482422,-0.5059828359365308,3.2205421364247977,0.7899990081787109
2019-07-08,24.649999618530277,24.65999984741211,24.26000022888184,24.299999237060547,24.299999237060547,-0.3252392810007402,-4.028437875424517,-1.0200004577636719
2019-07-09,24.25,24.540000915527344,24.25,24.399999618530277,24.399999618530277,-0.7289561934274127,0.4115242164996369,0.10000038146973012
2019-07-10,25.36000061035156,25.489999771118164,25.049999237060547,25.11000061035156,25.11000061035156,-0.630983051499601,2.909840175907541,0.710000991821282
2019-07-11,26.040000915527344,26.040000915527344,25.239999771118164,25.420000076293945,25.420000076293945,-0.7745643801869113,1.2345657443536329,0.30999946594238637
2019-07-12,25.6299991607666,25.739999771118164,25.459999084472656,25.530000686645508,25.530000686645508,-0.6073343620687498,0.432732533522473,0.1100006103515625
2019-07-15,25.940000534057617,26.170000076293945,25.899999618530277,26.040000915527344,26.040000915527344,-0.6512533567260448,1.9976506665297933,0.5100002288818359
2019-07-16,26.600000381469727,26.6299991607666,26.229999542236328,26.270000457763672,26.270000457763672,-0.5819964805356951,0.8832547394389101,0.22999954223632812
2019-07-17,27.31999969482422,27.559999465942383,27.25,27.299999237060547,27.299999237060547,1.4213853526778348,3.9208175156025815,1.029998779296875
2019-07-18,27.65999984741211,28.155000686645508,27.6299991607666,27.84000015258789,27.84000015258789,1.019357632353366,1.9780253868808773,0.5400009155273438
2019-07-19,28.229999542236328,28.270000457763672,27.924999237060547,27.950000762939453,27.950000762939453,1.1561821926318616,0.3951171327178926,0.1100006103515625
2019-07-22,28.25,28.40999984741211,27.90999984741211,27.90999984741211,27.90999984741211,1.9788187464050395,-0.14311597293543699,-0.04000091552734375
2019-07-23,29.0,29.13999938964844,28.815000534057617,28.8799991607666,28.8799991607666,1.6291559812488838,3.475454384298149,0.9699993133544922
2019-07-24,29.940000534057617,30.239999771118164,29.799999237060547,29.799999237060547,29.799999237060547,4.826796630720395,3.1855959246140264,0.9200000762939453
2019-07-25,30.030000686645508,30.100000381469727,29.290000915527344,29.38999938964844,29.38999938964844,2.644360434673278,-1.3758384493587905,-0.4099998474121058
2019-07-26,29.75,29.86000061035156,29.56999969482422,29.75,29.75,1.014290056046755,1.2249085329289144,0.36000061035155895
2019-07-29,30.600000381469727,30.61000061035156,30.350000381469727,30.57999992370605,30.57999992370605,0.3149645257344435,2.789915709936297,0.8299999237060511
2019-07-30,29.8799991607666,30.09000015258789,29.690000534057617,30.020000457763672,30.020000457763672,0.06496409460830317,-1.8312605210579425,-0.5599994659423793
2019-07-31,30.1200008392334,30.459999084472656,29.78499984741211,30.030000686645508,30.030000686645508,-0.11577946032748747,0.0333118878392602,0.010000228881835938
2019-08-01,29.96999931335449,30.61000061035156,29.834999084472656,29.93000030517578,29.93000030517578,-0.32186089679633284,-0.3330015956816035,-0.10000038146972656
2019-08-02,29.979999542236328,29.979999542236328,29.34000015258789,29.559999465942383,29.559999465942383,0.05313974989287762,-1.2362206330128744,-0.37000083923339844
2019-08-05,29.56999969482422,29.6200008392334,28.56999969482422,28.8799991607666,28.8799991607666,0.10212632085678348,-2.300407027947493,-0.6800003051757812
2019-08-06,29.420000076293945,29.530000686645508,28.93000030517578,29.049999237060547,29.049999237060547,0.40111332294682966,0.5886429405610683,0.1700000762939453
2019-08-07,30.200000762939453,30.790000915527344,28.6299991607666,30.40999984741211,30.40999984741211,3.2524695914665926,4.6815857007546535,1.3600006103515625
2019-08-08,31.34000015258789,31.959999084472656,31.209999084472656,31.57999992370605,31.57999992370605,1.546385568240905,3.8474188824881184,1.1700000762939418
2019-08-09,31.1200008392334,31.26000022888184,30.950000762939453,31.059999465942383,31.059999465942383,-0.036387431523915874,-1.6466132331220185,-0.5200004577636683
2019-08-12,30.82999992370605,30.979999542236328,30.0,30.06999969482422,30.06999969482422,0.4450323176041246,-3.187378583839673,-0.9899997711181641
2019-08-13,30.15999984741211,30.76000022888184,30.1200008392334,30.61000061035156,30.61000061035156,-0.0836848103856181,1.7958128400656026,0.5400009155273402
2019-08-14,30.020000457763672,30.18000030517578,29.43000030517578,29.520000457763672,29.520000457763672,-0.14449572606494954,-3.560928228858895,-1.090000152587887
2019-08-15,29.5,30.0,29.36000061035156,29.920000076293945,29.920000076293945,-0.31172574418311094,1.3550122368818363,0.39999961853027344
2019-08-16,29.8700008392334,30.190000534057617,29.82999992370605,30.049999237060547,30.049999237060547,-0.31172574418311094,0.43448917257724595,0.12999916076660156
2019-08-19,30.899999618530277,30.899999618530277,30.549999237060547,30.690000534057617,30.690000534057617,-0.2559824048103905,2.1297880640468003,0.6400012969970703
2019-08-20,31.1299991607666,31.1299991607666,30.59499931335449,30.8700008392334,30.8700008392334,-0.5093612201409381,0.5865112481051593,0.18000030517578125
2019-08-21,31.59000015258789,31.709999084472656,31.200000762939453,31.399999618530277,31.399999618530277,-0.1732119918024116,1.7168732260716135,0.5299987792968786
2019-08-22,30.989999771118164,30.989999771118164,30.231000900268555,30.43000030517578,30.43000030517578,-0.6512533567260448,-3.0891698252826227,-0.9699993133544957
2019-08-23,29.93000030517578,29.96999931335449,29.420000076293945,29.63999938964844,29.63999938964844,-0.6394290120106192,-2.5961252303798754,-0.7900009155273402
2019-08-26,29.959999084472656,30.030000686645508,29.520000457763672,29.770000457763672,29.770000457763672,-0.703618311894358,0.4386001038874321,0.13000106811523082
2019-08-27,29.899999618530277,29.940000534057617,29.551000595092773,29.57999992370605,29.57999992370605,-0.7103750803031725,-0.6382281865503714,-0.19000053405762074
2019-08-28,29.440000534057617,29.940000534057617,29.38999938964844,29.700000762939453,29.700000762939453,-0.6985507355877469,0.4056823513959307,0.12000083923340199
2019-08-29,30.09000015258789,30.149999618530277,29.780000686645508,30.09000015258789,30.09000015258789,-0.6276046672951937,1.3131292243436343,0.3899993896484375
2019-08-30,29.88999938964844,29.96999931335449,29.299999237060547,29.479999542236328,29.479999542236328,-0.6005775936599352,-2.0272535967371885,-0.6100006103515625
2019-09-03,29.1200008392334,29.270000457763672,28.82999992370605,28.899999618530277,28.899999618530277,-0.36071231514701685,-1.9674353212763118,-0.5799999237060511
2019-09-04,28.950000762939453,29.2450008392334,28.799999237060547,29.09000015258789,29.09000015258789,-0.41307727031533,0.6574413029949877,0.19000053405761363
2019-09-05,29.290000915527344,29.32999992370605,28.905000686645508,29.059999465942383,29.059999465942383,-0.5938208252511207,-0.10313058263370367,-0.030000686645507812
2019-09-06,29.399999618530277,29.6200008392334,29.270000457763672,29.420000076293945,29.420000076293945,-0.804969838026577,1.2388183653391893,0.3600006103515625
2019-09-09,29.43000030517578,29.43000030517578,28.979999542236328,29.01000022888184,29.01000022888184,-0.5566585990026404,-1.3936092669913913,-0.4099998474121058
2019-09-10,28.030000686645508,28.86000061035156,27.90999984741211,28.84000015258789,28.84000015258789,-0.5735505200246769,-0.5860050842905529,-0.17000007629394887
2019-09-11,28.96999931335449,29.3799991607666,28.96999931335449,29.239999771118164,29.239999771118164,-0.07523884987459985,1.386961221962335,0.39999961853027344
2019-09-12,29.299999237060547,29.57999992370605,29.15999984741211,29.25,29.25,-0.43841515184838475,0.034200509439519244,0.010000228881835938
2019-09-13,28.96999931335449,29.559999465942383,28.88999938964844,29.51000022888184,29.51000022888184,3.554834977761046,0.8888896713909133,0.2600002288818395
2019-09-16,28.739999771118164,29.1200008392334,28.71999931335449,29.06999969482422,29.06999969482422,0.8267897327021497,-1.491021791409497,-0.44000053405762074
2019-09-17,28.850000381469727,29.239999771118164,28.850000381469727,29.200000762939453,29.200000762939453,-0.7205102329163945,0.44720010141032773,0.13000106811523438
2019-09-18,29.165000915527344,29.34000015258789,28.950000762939453,29.209999084472656,29.209999084472656,1.1376010795076215,0.03424082627385694,0.009998321533203125
2019-09-19,29.25,29.459999084472656,29.13999938964844,29.299999237060547,29.299999237060547,0.16462642863831858,0.30811419174514576,0.09000015258789062
2019-09-20,29.1200008392334,29.399999618530277,29.11000061035156,29.25,29.25,1.860575299250784,-0.17064586471833287,-0.049999237060546875
2019-09-23,28.950000762939453,29.030000686645508,28.86000061035156,29.030000686645508,29.030000686645508,1.3588852448962998,-0.7521344046307443,-0.2199993133544922
2019-09-24,29.059999465942383,29.1299991607666,28.75,28.790000915527344,28.790000915527344,0.8791546878704629,-0.8267301599774624,-0.23999977111816406
2019-09-25,28.1299991607666,28.21999931335449,27.900999069213867,27.989999771118164,27.989999771118164,1.053141474397439,-2.778746505623464,-0.8000011444091797
2019-09-26,28.3700008392334,28.46999931335449,27.799999237060547,27.88999938964844,27.88999938964844,0.931519643038776,-0.3572718195336,-0.10000038146972301
2019-09-27,28.0,28.040000915527344,27.40999984741211,27.46999931335449,27.46999931335449,-0.1529416865759678,-1.505916405469121,-0.4200000762939524
2019-09-30,27.850000381469727,27.959999084472656,27.440000534057617,27.46999931335449,27.46999931335449,0.14435612341187476,0.0,0.0
2019-10-01,27.1200008392334,27.149999618530277,26.450000762939453,26.780000686645508,26.780000686645508,0.3183429099388508,-2.5118261520070018,-0.6899986267089808
2019-10-02,26.239999771118164,26.299999237060547,25.950000762939453,26.270000457763672,26.270000457763672,-0.05834692885256334,-1.904407079183379,-0.5100002288818359
2019-10-03,26.280000686645508,26.32999992370605,25.8799991607666,26.309999465942383,26.309999465942383,-0.5752397121268805,0.1522611628538728,0.03999900817871094
2019-10-04,26.81999969482422,26.940000534057617,26.59000015258789,26.82999992370605,26.82999992370605,-0.7188210408141908,1.9764365956631558,0.5200004577636683
2019-10-07,26.649999618530277,26.88999938964844,26.63999938964844,26.649999618530277,26.649999618530277,-0.6326722436018046,-0.6708919332375052,-0.18000030517577414
2019-10-08,27.0,27.0,26.600000381469727,26.649999618530277,26.649999618530277,-0.1343605734517276,0.0,0.0
2019-10-09,27.26000022888184,27.339000701904297,27.13999938964844,27.270000457763672,27.270000457763672,0.11901824187882,2.3264572161655783,0.6200008392333949
2019-10-10,26.729999542236328,26.790000915527344,26.450000762939453,26.700000762939453,26.700000762939453,-0.4401043439505884,-2.0902078667253576,-0.5699996948242188
2019-10-11,26.670000076293945,26.91699981689453,26.6200008392334,26.68000030517578,26.68000030517578,-0.39787454139549716,-0.0749080793714163,-0.020000457763671875
2019-10-14,26.809999465942383,27.040000915527344,26.690000534057617,26.93000030517578,26.93000030517578,-0.5346991016739928,0.9370314735397622,0.25
2019-10-15,27.375,27.73500061035156,27.239999771118164,27.299999237060547,27.299999237060547,1.8082103440824708,1.3739284355435144,0.3699989318847656
2019-10-16,27.459999084472656,27.600000381469727,27.299999237060547,27.479999542236328,27.479999542236328,0.4619242386261611,0.6593417956269665,0.18000030517578125
2019-10-17,27.82999992370605,27.8799991607666,27.549999237060547,27.559999465942383,27.559999465942383,-0.7424697302450419,0.2911205423533403,0.07999992370605469
2019-10-18,27.899999618530277,27.950000762939453,27.56999969482422,27.76000022888184,27.76000022888184,-0.5178071806519564,0.7256921872825561,0.20000076293945668
2019-10-21,27.38999938964844,27.420000076293945,27.149999618530277,27.209999084472656,27.209999084472656,-0.4096988861109227,-1.9812721177032144,-0.5500011444091832
2019-10-22,29.170000076293945,29.399999618530277,28.61000061035156,28.76000022888184,28.76000022888184,0.38084301772038587,5.6964395316488226,1.5500011444091832
2019-10-23,28.61000061035156,28.690000534057617,28.190000534057617,28.299999237060547,28.299999237060547,-0.48064495440347604,-1.5994471076510752,-0.4600009918212926
2019-10-24,28.450000762939453,28.549999237060547,27.979999542236328,28.049999237060547,28.049999237060547,-0.3303068573073511,-0.883392249963777,-0.25
2019-10-25,28.07999992370605,28.25,28.01000022888184,28.11000061035156,28.11000061035156,-0.6901047750767287,0.2139086450017924,0.06000137329101207
2019-10-28,27.25,27.3799991607666,26.80500030517578,26.90999984741211,26.90999984741211,0.5970596068024532,-4.268946057929101,-1.2000007629394496
2019-10-29,26.07999992370605,27.790000915527344,25.809999465942383,27.40999984741211,27.40999984741211,1.0970604690547339,1.8580453468418856,0.5
2019-10-30,26.959999084472656,27.75,26.86000061035156,27.63999938964844,27.63999938964844,-0.0870631945900254,0.8391081485469076,0.22999954223633168
2019-10-31,27.149999618530277,27.3799991607666,26.940000534057617,27.21999931335449,27.21999931335449,-0.2796310942412416,-1.5195372126211026,-0.4200000762939524
2019-11-01,27.670000076293945,28.13999938964844,27.670000076293945,27.86000061035156,27.86000061035156,-0.630983051499601,2.351217168044073,0.6400012969970703
2019-11-04,28.34000015258789,28.479999542236328,28.030000686645508,28.07999992370605,28.07999992370605,-0.29145543895666715,0.7896601167795669,0.2199993133544922
2019-11-05,27.479999542236328,27.489999771118164,26.90999984741211,27.229999542236328,27.229999542236328,0.30145098891681427,-3.027066893800545,-0.850000381469723
2019-11-06,27.21999931335449,27.270000457763672,26.56999969482422,26.670000076293945,26.670000076293945,-0.0634145051591743,-2.0565533432116645,-0.5599994659423828
2019-11-07,26.36000061035156,26.81999969482422,26.280000686645508,26.600000381469727,26.600000381469727,-0.3049689757742964,-0.2624660465840756,-0.06999969482421875
2019-11-08,26.979999542236328,27.170000076293945,26.90999984741211,26.989999771118164,26.989999771118164,0.04469378938185936,1.4661630979528884,0.3899993896484375
2019-11-11,27.309999465942383,27.309999465942383,26.51000022888184,26.739999771118164,26.739999771118164,0.23050492062426095,-0.9262689963692505,-0.25
2019-11-12,26.709999084472656,26.71999931335449,25.850000381469727,26.170000076293945,26.170000076293945,0.8960466088924993,-2.1316368724874635,-0.5699996948242188
2019-11-13,26.32999992370605,26.40999984741211,26.239999771118164,26.32999992370605,26.32999992370605,-0.166455223393597,0.6113864996012852,0.15999984741210582
2019-11-14,26.1200008392334,26.24799919128418,25.950000762939453,26.06999969482422,26.06999969482422,-0.5076720280387345,-0.9874676400881466,-0.2600002288818324
2019-11-15,26.020000457763672,26.270000457763672,26.020000457763672,26.11000061035156,26.11000061035156,-0.1867255286200408,0.15343657842574743,0.0400009155273402
2019-11-18,26.32999992370605,29.5,26.290000915527344,28.200000762939453,28.200000762939453,4.980513112020927,8.004596337540093,2.090000152587894
2019-11-19,29.09000015258789,29.290000915527344,28.854999542236328,28.979999542236328,28.979999542236328,2.4686844560440986,2.7659530432422974,0.779998779296875
2019-11-20,29.15999984741211,29.299999237060547,28.690000534057617,28.940000534057617,28.940000534057617,0.09705874455017253,-0.1380228047292209,-0.03999900817871094
2019-11-21,28.899999618530277,29.0,28.59000015258789,28.739999771118164,28.739999771118164,2.9534825893765464,-0.6910876269821897,-0.20000076293945312
2019-11-22,29.049999237060547,29.190000534057617,28.739999771118164,28.739999771118164,28.739999771118164,-0.27794190213903797,0.0,0.0
2019-11-25,29.8700008392334,30.09000015258789,29.61000061035156,29.700000762939453,29.700000762939453,0.18151834966035507,3.3402957531893485,0.9600009918212891
2019-11-26,29.899999618530277,30.3799991607666,29.899999618530277,30.34000015258789,30.34000015258789,-0.18503633651783716,2.1548800444713967,0.6399993896484375
2019-11-27,30.25,30.76000022888184,30.25,30.559999465942383,30.559999465942383,-0.6056451699665462,0.725113092445806,0.2199993133544922
2019-11-29,30.549999237060547,31.13999938964844,30.549999237060547,30.6200008392334,30.6200008392334,-0.5499018305938257,0.19633957571851823,0.060001373291015625
2019-12-02,30.790000915527344,30.81999969482422,30.38999938964844,30.549999237060547,30.549999237060547,-0.32861766520514746,-0.228613978622616,-0.07000160217285156
2019-12-03,30.6200008392334,31.540000915527344,30.6200008392334,31.540000915527344,31.540000915527344,0.5328703069187144,3.240594773127903,0.9900016784667969
2019-12-04,31.90999984741211,32.150001525878906,31.59000015258789,32.150001525878906,32.150001525878906,0.3419915993697019,1.9340538764894388,0.6100006103515625
2019-12-05,32.13999938964844,32.63999938964844,32.0,32.40999984741211,32.40999984741211,0.06665328671050683,0.8087039166200904,0.2599983215332031
2019-12-06,32.86000061035156,33.0,32.720001220703125,32.869998931884766,32.869998931884766,-0.3928069650888862,1.419312208078849,0.45999908447265625
2019-12-09,33.630001068115234,34.06999969482422,33.52000045776367,33.81999969482422,33.81999969482422,-0.3167933204897219,2.8901758254026744,0.9500007629394531
2019-12-10,34.209999084472656,34.689998626708984,34.150001525878906,34.310001373291016,34.310001373291016,-0.43334757554177383,1.4488518122067973,0.4900016784667969
2019-12-11,34.36000061035156,34.689998626708984,34.310001373291016,34.66999816894531,34.66999816894531,-0.6377398199084156,1.0492473950599823,0.3599967956542969
2019-12-12,35.04999923706055,35.959999084472656,35.04999923706055,35.900001525878906,35.900001525878906,0.07172086301711778,3.5477456645363725,1.2300033569335938
2019-12-13,35.43000030517578,35.77000045776367,35.38999938964844,35.5,35.5,-0.3995637334977008,-1.114210331134835,-0.40000152587890625
2019-12-16,36.20000076293945,36.4900016784668,35.79999923706055,36.31999969482422,36.31999969482422,0.7896275064536694,2.309858295279499,0.8199996948242188
2019-12-17,35.70000076293945,36.0,35.18000030517578,35.4900016784668,35.4900016784668,0.6376002172553408,-2.285236848379435,-0.8299980163574219
2019-12-18,35.029998779296875,35.130001068115234,34.47999954223633,34.52000045776367,34.52000045776367,1.240641797742044,-2.7331675819324164,-0.970001220703125
2019-12-19,34.93000030517578,35.380001068115234,34.810001373291016,35.20000076293945,35.20000076293945,-0.06679288936358159,1.9698733955921588,0.6800003051757812
2019-12-20,35.2599983215332,35.29999923706055,34.900001525878906,34.900001525878906,34.900001525878906,-0.04483339203493413,-0.8522705413586351,-0.2999992370605469
2019-12-23,35.34000015258789,35.88999938964844,35.34000015258789,35.560001373291016,35.560001373291016,-0.21713098645970652,1.8911169586130594,0.6599998474121094
2019-12-24,35.68000030517578,35.880001068115234,35.68000030517578,35.84000015258789,35.84000015258789,-0.8370644879684463,0.7873981115962048,0.279998779296875
2019-12-26,36.02999877929688,36.125,35.814998626708984,36.07500076293945,36.07500076293945,-0.5346991016739928,0.6556936644839695,0.2350006103515625
2019-12-27,35.970001220703125,36.380001068115234,35.79999923706055,36.209999084472656,36.209999084472656,-0.6917939671789324,0.3742157135915747,0.13499832153320312
2019-12-30,36.290000915527344,36.31999969482422,35.790000915527344,35.84000015258789,35.84000015258789,-0.7846995328001332,-1.021814253630915,-0.3699989318847656
2019-12-31,35.79999923706055,35.869998931884766,35.540000915527344,35.66999816894531,35.66999816894531,-0.8201725669464098,-0.47433588984039377,-0.17000198364257812
2020-01-02,35.77000045776367,36.13999938964844,35.689998626708984,36.02000045776367,36.02000045776367,0.23388330482866826,0.9812231757361678,0.3500022888183594
2020-01-03,34.689998626708984,35.470001220703125,34.66999816894531,35.0,35.0,-0.5211855648563637,-2.8317613681313025,-1.0200004577636719
2020-01-06,34.189998626708984,34.69499969482422,34.0,34.56999969482422,34.56999969482422,-0.10733349981646921,-1.2285723005022287,-0.43000030517578125
2020-01-07,35.119998931884766,35.36000061035156,34.939998626708984,35.279998779296875,35.279998779296875,-0.32355008889853654,2.0538012459946797,0.7099990844726562
2020-01-08,35.619998931884766,36.09000015258789,35.4900016784668,35.77000045776367,35.77000045776367,-0.41814484662194096,1.3888936945041452,0.4900016784667969
2020-01-13,36.02999877929688,36.11000061035156,34.189998626708984,34.310001373291016,34.310001373291016,5.433216595411506,-4.081630041343132,-1.4599990844726562
2020-01-14,33.45000076293945,34.11000061035156,33.369998931884766,33.970001220703125,33.970001220703125,3.7997678325805753,-0.9909651383825602,-0.3400001525878906
2020-01-15,33.02000045776367,33.61000061035156,32.7599983215332,32.97999954223633,32.97999954223633,3.110577454881486,-2.9143410152821514,-0.9900016784667969
2020-01-16,33.099998474121094,33.59000015258789,33.099998474121094,33.560001373291016,33.560001373291016,0.32678887044986904,1.7586471773958001,0.5800018310546875
2020-01-17,33.06999969482422,33.06999969482422,32.59000015258789,32.880001068115234,32.880001068115234,0.23050492062426095,-2.026222518920884,-0.6800003051757812
2020-01-21,32.939998626708984,33.209999084472656,32.8650016784668,33.040000915527344,33.040000915527344,0.05651813409728492,0.48661752498320165,0.15999984741210938
2020-01-22,33.06999969482422,33.369998931884766,32.93000030517578,33.11000061035156,33.11000061035156,1.4163177763712238,0.2118634772534822,0.06999969482421875
2020-01-23,33.209999084472656,33.47999954223633,33.119998931884766,33.20000076293945,33.20000076293945,0.6342218330509335,0.27182165789436663,0.09000015258789062
2020-01-24,33.22999954223633,33.29499816894531,32.470001220703125,32.810001373291016,32.810001373291016,0.4348971649909027,-1.174696929777741,-0.3899993896484375
2020-01-27,32.18000030517578,32.459999084472656,32.0,32.16999816894531,32.16999816894531,0.5007756569768451,-1.9506344942329057,-0.6400032043457031
2020-01-28,32.349998474121094,32.47999954223633,32.090999603271484,32.400001525878906,32.400001525878906,0.9568575245718308,0.71496229414032,0.23000335693359375
2020-01-29,32.40999984741211,32.59000015258789,32.099998474121094,32.31999969482422,32.31999969482422,0.32678887044986904,-0.24691922002160194,-0.0800018310546875
2020-01-30,31.920000076293945,31.93000030517578,31.23900032043457,31.450000762939453,31.450000762939453,-0.1630768391891897,-2.691828403773433,-0.8699989318847656
2020-01-31,31.729999542236328,31.850000381469727,31.229999542236328,31.690000534057617,31.690000534057617,0.9332088351409797,0.7631153109572519,0.23999977111816406
2020-02-03,31.1200008392334,31.43000030517578,31.059999465942383,31.31999969482422,31.31999969482422,1.2490877582530624,-1.1675633732973756,-0.37000083923339844
2020-02-04,31.36000061035156,31.559999465942383,31.27400016784668,31.40999984741211,31.40999984741211,0.7119246697523014,0.2873568118289649,0.09000015258789062
2020-02-05,31.420000076293945,32.23500061035156,31.31999969482422,32.040000915527344,32.040000915527344,2.4061843482625633,2.005734069327425,0.6300010681152344
2020-02-06,31.82999992370605,32.59000015258789,31.690000534057617,32.5099983215332,32.5099983215332,3.608889125031563,1.4669082165290614,0.4699974060058594
2020-02-07,31.8799991607666,31.93000030517578,31.07999992370605,31.3799991607666,31.3799991607666,0.5379378832253254,-3.475851181506029,-1.1299991607666016
2020-02-10,30.770000457763672,30.989999771118164,30.290000915527344,30.420000076293945,30.420000076293945,0.8791546878704629,-3.0592705868294323,-0.9599990844726562
2020-02-11,31.290000915527344,31.489999771118164,31.01000022888184,31.01000022888184,31.01000022888184,0.42307282027547716,1.9395139747145462,0.5900001525878942
2020-02-12,31.049999237060547,31.049999237060547,30.600000381469727,30.68000030517578,30.68000030517578,0.026112676257619205,-1.0641725935838786,-0.32999992370605824
2020-02-13,30.899999618530277,31.75,30.690000534057617,31.479999542236328,31.479999542236328,0.4146268597644589,2.6075594168934346,0.7999992370605469
2020-02-14,31.13999938964844,31.149999618530277,30.700000762939453,30.76000022888184,30.76000022888184,0.5396270753275291,-2.2871643069386827,-0.7199993133544886
2020-02-18,30.75,30.84000015258789,30.5,30.6299991607666,30.6299991607666,0.35381594408512745,-0.42263025730790993,-0.13000106811523793
2020-02-19,31.06999969482422,31.32999992370605,30.88999938964844,31.09000015258789,31.09000015258789,1.2305066451288222,1.5017989044233904,0.46000099182128906
2020-02-20,30.950000762939453,31.18000030517578,30.600000381469727,30.75,30.75,0.689965172423654,-1.0935997134743913,-0.3400001525878906
2020-02-21,31.1299991607666,31.239999771118164,30.8700008392334,30.90999984741211,30.90999984741211,0.33692402306309094,0.52032470703125,0.15999984741210938
2020-02-24,29.63999938964844,29.920000076293945,29.34000015258789,29.520000457763672,29.520000457763672,1.5480747603431086,-4.496924608573927,-1.3899993896484375
2020-02-25,29.709999084472656,29.770000457763672,28.5,28.5,28.5,1.3605744369985033,-3.455286049954698,-1.0200004577636719
2020-02-26,28.36000061035156,28.549999237060547,27.6299991607666,27.979999542236328,27.979999542236328,1.2913175608081537,-1.8245630096970888,-0.5200004577636719
2020-02-27,26.899999618530277,27.82999992370605,26.700000762939453,27.0,27.0,3.0632800760197836,-3.5025002082541112,-0.9799995422363281
2020-02-28,26.190000534057617,26.88999938964844,26.07999992370605,26.690000534057617,26.690000534057617,2.0041566279380945,-1.1481461701569717,-0.3099994659423828
2020-03-02,27.21999931335449,28.040000915527344,26.899999618530277,27.899999618530277,27.899999618530277,3.7930110641717607,4.533529637545897,1.2099990844726598
2020-03-03,28.520000457763672,28.780000686645508,27.61000061035156,27.649999618530277,27.649999618530277,0.65111375407297,-0.8960573599218202,-0.25
2020-03-04,29.190000534057617,30.020000457763672,28.90999984741211,30.0,30.0,1.1426686558142325,8.499097337762041,2.350000381469723
2020-03-05,29.170000076293945,29.399999618530277,28.6200008392334,28.86000061035156,28.86000061035156,-0.2863878626500562,-3.7999979654948057,-1.139999389648441
2020-03-06,28.170000076293945,28.229999542236328,27.65399932861328,28.01000022888184,28.01000022888184,-0.3944961571910898,-2.9452542047585406,-0.8500003814697195
2020-03-09,26.36000061035156,27.01000022888184,26.1200008392334,26.56999969482422,26.56999969482422,0.4653026228305684,-5.14102292856392,-1.4400005340576207
2020-03-10,27.68000030517578,27.75,26.520000457763672,27.420000076293945,27.420000076293945,0.4653026228305684,3.199098198090322,0.8500003814697266
2020-03-11,26.36000061035156,26.420000076293945,24.850000381469727,25.26000022888184,25.26000022888184,0.08016682352813603,-7.877461128381036,-2.159999847412106
2020-03-12,22.8700008392334,23.450000762939453,22.280000686645508,22.55500030517578,22.55500030517578,0.5480730358385473,-10.708629846381434,-2.7049999237060582
2020-03-13,24.09000015258789,24.09000015258789,21.8700008392334,23.11000061035156,23.11000061035156,0.9906413666159039,2.460653059926665,0.5550003051757777
2020-03-16,20.0,21.770000457763672,19.739999771118164,20.59000015258789,20.59000015258789,0.1460453155140784,-10.904372095234372,-2.5200004577636683
2020-03-17,20.40999984741211,20.790000915527344,20.027999877929688,20.51000022888184,20.51000022888184,-0.22219856276631747,-0.3885377518853317,-0.07999992370605113
2020-03-18,19.1200008392334,19.709999084472656,18.21999931335449,18.86000061035156,18.86000061035156,0.16969400494492953,-8.044854218025698,-1.6499996185302805
2020-03-19,18.51000022888184,20.21999931335449,18.209999084472656,19.670000076293945,19.670000076293945,1.372398781713929,4.294800846919422,0.8099994659423864
2020-03-20,20.780000686645508,22.100000381469727,20.780000686645508,20.809999465942383,20.809999465942383,3.2440236309555743,5.795624734248728,1.1399993896484375
2020-03-23,21.06999969482422,21.549999237060547,20.56999969482422,20.809999465942383,20.809999465942383,1.875778028170617,0.0,0.0
2020-03-24,22.36000061035156,22.940000534057617,21.8799991607666,22.75,22.75,1.8673320676595986,9.322443939667657,1.9400005340576172
2020-03-25,24.229999542236328,25.309999465942383,24.149999618530277,24.459999084472656,24.459999084472656,-0.056657736750359684,7.5164794921875,1.7099990844726562
2020-03-26,25.3700008392334,27.21999931335449,25.3700008392334,26.940000534057617,26.940000534057617,0.47037019913717937,10.139008758832201,2.480001449584961
2020-03-27,25.020000457763672,26.11000061035156,24.8799991607666,25.56999969482422,25.56999969482422,0.7811815459426511,-5.0853779215833335,-1.3700008392333984
2020-03-30,24.5,25.799999237060547,24.399999618530277,25.520000457763672,25.520000457763672,0.4788161596481976,-0.19553866897646932,-0.049999237060546875
2020-03-31,24.8700008392334,25.059999465942383,24.3700008392334,24.56999969482422,24.56999969482422,-0.1901039128244481,-3.722573455716549,-0.9500007629394531
2020-04-01,24.21999931335449,25.280000686645508,24.21999931335449,24.459999084472656,24.459999084472656,-0.3691582756580351,-0.44770293739455624,-0.1100006103515625
