Date,Open,High,Low,Close,Adj Close,Volume,Daily_Return,Adj Close Diff,Price_Diff
2017-12-29,25.200000762939453,25.209999084472656,25.1299991607666,25.209999084472656,25.209999084472656,-1.0787983406724444,,,
2018-01-02,25.32999992370605,26.270000457763672,25.239999771118164,25.3799991607666,25.3799991607666,-0.3689285176117401,0.6743359082414635,0.1700000762939453,0.1700000762939453
2018-01-03,25.540000915527344,25.709999084472656,25.520000457763672,25.5310001373291,25.5310001373291,-0.5650767581943033,0.5949605262238311,0.1510009765625,0.1510009765625
2018-01-04,25.76000022888184,25.799999237060547,25.64999961853028,25.67099952697754,25.67099952697754,-0.2848649859334989,0.5483505890697238,0.1399993896484375,0.1399993896484375
2018-01-05,25.86000061035156,25.8799991607666,25.742000579833984,25.84000015258789,25.84000015258789,-0.8172673532290271,0.6583328609108152,0.1690006256103515,0.16900062561035156
2018-01-08,25.8759994506836,26.06999969482422,25.8759994506836,26.06999969482422,26.06999969482422,-1.0414367710376706,0.8900911024696478,0.2299995422363281,0.22999954223632812
2018-01-09,26.100000381469727,26.138999938964844,26.00900077819824,26.049999237060547,26.049999237060547,-1.1255003027159118,-0.0767182892128737,-0.0200004577636718,-0.020000457763671875
2018-01-10,25.90999984741211,26.030000686645508,25.89999961853028,26.030000686645508,26.030000686645508,0.6958762169793162,-0.0767698694846275,-0.019998550415039,-0.019998550415039062
2018-01-11,26.066999435424805,26.26000022888184,26.066999435424805,26.2549991607666,26.2549991607666,-0.7332038215507858,0.8643813606832751,0.2249984741210937,0.22499847412109375
2018-01-12,26.36000061035156,26.569000244140625,26.20499992370605,26.489999771118164,26.489999771118164,2.6386778379875597,0.895069959486916,0.2350006103515625,0.2350006103515625
2018-01-16,27.549999237060547,29.81999969482422,26.3799991607666,26.479999542236328,26.479999542236328,4.151821408195903,-0.0377509587325075,-0.0100002288818359,-0.010000228881835938
2018-01-17,26.790000915527344,26.790000915527344,26.39999961853028,26.538000106811523,26.538000106811523,-0.0420147833074684,0.2190353684964563,0.0580005645751953,0.05800056457519531
2018-01-18,26.850000381469727,26.950000762939453,26.597000122070312,26.652999877929688,26.652999877929688,2.293083318865901,0.433340005483851,0.114999771118164,0.11499977111816406
2018-01-19,26.729999542236328,26.75,26.68600082397461,26.75,26.75,0.7986205334749444,0.363936977130419,0.0970001220703125,0.0970001220703125
2018-01-22,26.799999237060547,26.84499931335449,26.700000762939453,26.84499931335449,26.84499931335449,1.2749805463183117,0.3551376200167766,0.0949993133544886,0.09499931335448863
2018-01-23,26.96999931335449,27.100000381469727,26.850000381469727,27.07999992370605,27.07999992370605,1.7233193819355983,0.8753980866546662,0.2350006103515625,0.2350006103515625
2018-01-24,27.21999931335449,27.280000686645508,26.989999771118164,27.11000061035156,27.11000061035156,1.7420001667529854,0.1107854015141462,0.0300006866455078,0.030000686645507812
2018-01-25,27.46999931335449,27.46999931335449,26.90999984741211,26.98500061035156,26.98500061035156,1.695298204709518,-0.4610844602942254,-0.125,-0.125
2018-01-26,26.790000915527344,27.31999969482422,26.790000915527344,27.201000213623047,27.201000213623047,0.4903875839880597,0.8004432032090891,0.2159996032714879,0.21599960327148793
2018-01-29,27.25,27.3700008392334,27.07999992370605,27.07999992370605,27.07999992370605,0.555770330848914,-0.4448376492287798,-0.1210002899169957,-0.12100028991699574
2018-01-30,26.93000030517578,27.0,26.71999931335449,26.82699966430664,26.82699966430664,0.0887507104142401,-0.9342697936196576,-0.2530002593994105,-0.2530002593994105
2018-01-31,26.8799991607666,26.940000534057617,26.799999237060547,26.82999992370605,26.82999992370605,0.1167718876403206,0.0111837307076978,0.0030002593994105,0.00300025939941051
2018-02-01,26.93000030517578,28.21999931335449,26.790000915527344,26.915000915527344,26.915000915527344,-0.5744171506029967,0.3168132391464962,0.0850009918212926,0.08500099182129262
2018-02-02,26.739999771118164,26.89999961853028,26.39999961853028,26.39999961853028,26.39999961853028,0.2755585585881097,-1.9134359259856517,-0.5150012969970668,-0.5150012969970632
2018-02-05,26.3700008392334,26.3700008392334,25.5,25.559999465942383,25.559999465942383,-0.4810132265160619,-3.181818805778669,-0.8400001525878942,-0.8400001525878977
2018-02-06,25.11000061035156,25.770000457763672,25.100000381469727,25.770000457763672,25.770000457763672,-0.3035457707508858,0.8216001416631702,0.210000991821289,0.21000099182128906
2018-02-07,26.26000022888184,26.26000022888184,25.799999237060547,25.86000061035156,25.86000061035156,-0.6491402898725445,0.3492438920806195,0.090000152587887,0.09000015258788707
2018-02-08,25.670000076293945,25.670000076293945,24.89999961853028,24.89999961853028,24.89999961853028,-0.3969496948378206,-3.712300731489549,-0.960000991821282,-0.9600009918212784
2018-02-09,25.100000381469727,25.152999877929688,24.400999069213867,25.07999992370605,25.07999992370605,2.657358622804946,0.7228928029453519,0.1800003051757741,0.1800003051757706
2018-02-12,25.200000762939453,25.415000915527344,25.200000762939453,25.38500022888184,25.38500022888184,-0.6958422519160119,1.2161096734593535,0.3050003051757883,0.30500030517578836
2018-02-13,25.29899978637696,25.43899917602539,25.2810001373291,25.43899917602539,25.43899917602539,-0.9853944165855096,0.2127199001641599,0.0539989471435511,0.053998947143551135
2018-02-14,25.40999984741211,25.93000030517578,25.40999984741211,25.93000030517578,25.93000030517578,-0.7799057835942532,1.9301118167145856,0.4910011291503906,0.4910011291503906
2018-02-15,26.18000030517578,26.325000762939453,26.0939998626709,26.325000762939453,26.325000762939453,-0.5930979354203837,1.5233337952750725,0.3950004577636719,0.3950004577636719
2018-02-16,26.350000381469727,26.38999938964844,26.350000381469727,26.3799991607666,26.3799991607666,-1.0601175558550575,0.2089207834119921,0.0549983978271484,0.05499839782714844
2018-02-20,26.200000762939453,26.520000457763672,26.200000762939453,26.350000381469727,26.350000381469727,-0.7799057835942532,-0.1137178932950511,-0.029998779296875,-0.029998779296875
2018-02-21,26.34000015258789,26.56999969482422,26.34000015258789,26.39999961853028,26.39999961853028,-0.5183747961508358,0.1897504225301993,0.0499992370605504,0.04999923706055398
2018-02-22,26.270000457763672,26.32999992370605,26.090999603271484,26.170000076293945,26.170000076293945,-0.7892461760029467,-0.8712103998474885,-0.2299995422363316,-0.22999954223633523
2018-02-23,26.200000762939453,26.440000534057617,26.14999961853028,26.43000030517578,26.43000030517578,-0.5744171506029967,0.9935048839275984,0.2600002288818359,0.26000022888183594
2018-02-26,26.520000457763672,26.6200008392334,26.46999931335449,26.549999237060547,26.549999237060547,-0.9667136317681227,0.4540254653771836,0.1199989318847656,0.11999893188476562
2018-02-27,26.698999404907227,26.698999404907227,26.450000762939453,26.459999084472656,26.459999084472656,-1.0414367710376706,-0.3389836353074549,-0.0900001525878906,-0.09000015258789062
2018-02-28,26.5,26.5,26.270000457763672,26.270000457763672,26.270000457763672,-0.6771614670986249,-0.7180598385601589,-0.1899986267089843,-0.18999862670898438
2018-03-01,26.0,26.13999938964844,25.82999992370605,25.850000381469727,25.850000381469727,-0.4343112644725945,-1.5987821430350269,-0.4200000762939453,-0.4200000762939453
2018-03-02,25.801000595092773,26.25,25.799999237060547,26.25,26.25,-0.9760540241768162,1.5473872828915214,0.3999996185302734,0.39999961853027344
2018-03-05,26.170000076293945,26.56999969482422,26.170000076293945,26.56999969482422,26.56999969482422,-0.5277151885595293,1.2190464564732162,0.3199996948242187,0.31999969482421875
2018-03-06,26.52499961853028,26.86000061035156,26.52499961853028,26.7810001373291,26.7810001373291,-0.7985865684116401,0.794130391149328,0.2110004425048828,0.2110004425048828
2018-03-07,26.71999931335449,27.0,26.71999931335449,27.0,27.0,-0.8079269608203337,0.8177434059515987,0.2189998626708984,0.21899986267089844
2018-03-08,27.059999465942383,27.1200008392334,27.030000686645508,27.1200008392334,27.1200008392334,-0.8172673532290271,0.4444475527162872,0.1200008392333984,0.12000083923339844
2018-03-09,27.14999961853028,27.440000534057617,27.14999961853028,27.440000534057617,27.440000534057617,-0.1540994922117902,1.1799398411569628,0.3199996948242187,0.31999969482421875
2018-03-12,27.56999969482422,27.68000030517578,27.50300025939941,27.670000076293945,27.670000076293945,-0.5090344037421424,0.8381907352766227,0.2299995422363281,0.22999954223632812
2018-03-13,27.82999992370605,27.88999938964844,27.420000076293945,27.5,27.5,-0.0980571377596293,-0.6143840832136149,-0.1700000762939453,-0.1700000762939453
2018-03-14,27.511999130249023,27.600000381469727,27.5049991607666,27.559999465942383,27.559999465942383,-0.9947348089942032,0.218179876154112,0.0599994659423828,0.05999946594238281
2018-03-15,27.6299991607666,27.65999984741211,27.51000022888184,27.51000022888184,27.51000022888184,-0.9573732393594292,-0.1814195864638157,-0.0499992370605433,-0.04999923706054332
2018-03-16,27.3799991607666,27.604999542236328,27.31999969482422,27.51000022888184,27.51000022888184,-0.873309707681188,0.0,0.0,0.0
2018-03-19,27.700000762939453,27.700000762939453,27.1200008392334,27.1200008392334,27.1200008392334,-1.0414367710376706,-1.4176640727141645,-0.389999389648441,-0.38999938964844105
2018-03-20,27.26000022888184,27.34499931335449,27.160999298095703,27.280000686645508,27.280000686645508,-0.424970872063901,0.5899699205784925,0.1599998474121093,0.15999984741210938
2018-03-21,27.350000381469727,27.450000762939453,27.350000381469727,27.39999961853028,27.39999961853028,-0.4903536189247554,0.4398787714969154,0.1199989318847691,0.11999893188477273
2018-03-22,27.059999465942383,27.11000061035156,26.8700008392334,26.8700008392334,26.8700008392334,-0.5744171506029967,-1.9343021411520225,-0.5299987792968786,-0.5299987792968821
2018-03-23,26.63999938964844,26.790000915527344,26.25,26.3799991607666,26.3799991607666,-0.3969496948378206,-1.8236012771214227,-0.4900016784667969,-0.4900016784667969
2018-03-26,26.670000076293945,26.84000015258789,26.450000762939453,26.81999969482422,26.81999969482422,-1.0414367710376706,1.6679323277311031,0.4400005340576172,0.4400005340576172
2018-03-27,26.86599922180176,26.96999931335449,26.36000061035156,26.36000061035156,26.36000061035156,-0.4810132265160619,-1.7151345626653105,-0.4599990844726598,-0.4599990844726598
2018-03-28,26.34000015258789,26.34000015258789,26.14999961853028,26.280000686645508,26.280000686645508,-0.2381630238900315,-0.3034898401126584,-0.0799999237060511,-0.07999992370605113
2018-03-29,26.290000915527344,26.6299991607666,26.290000915527344,26.61899948120117,26.61899948120117,-1.1255003027159118,1.2899497172689456,0.3389987945556605,0.3389987945556605
2018-04-02,26.43000030517578,26.43000030517578,25.799999237060547,26.069000244140625,26.069000244140625,-0.0606955681248554,-2.066190494683928,-0.5499992370605433,-0.5499992370605433
2018-04-03,26.13999938964844,26.316999435424805,25.8799991607666,26.316999435424805,26.316999435424805,-0.835948138046414,0.9513183818390614,0.2479991912841797,0.2479991912841797
2018-04-04,25.81999969482422,26.32099914550781,25.81999969482422,26.32099914550781,26.32099914550781,-1.0414367710376706,0.0151981995242911,0.0039997100830042,0.00399971008300426
2018-04-05,26.549999237060547,26.679000854492188,26.51000022888184,26.584999084472656,26.584999084472656,0.2381969889533358,1.003001206395715,0.2639999389648473,0.2639999389648473
2018-04-06,26.420000076293945,26.450000762939453,26.1299991607666,26.222999572753903,26.222999572753903,-0.8919904924985749,-1.3616683249396244,-0.3619995117187535,-0.36199951171875355
2018-04-09,26.200000762939453,26.59499931335449,26.200000762939453,26.43000030517578,26.43000030517578,-1.1628618723506858,0.7893861716603778,0.2070007324218785,0.20700073242187855
2018-04-10,26.700000762939453,26.82999992370605,26.63999938964844,26.76000022888184,26.76000022888184,3.1150378508309267,1.248580854694259,0.3299999237060582,0.32999992370605824
2018-04-11,26.89999961853028,26.91699981689453,26.799999237060547,26.799999237060547,26.799999237060547,-0.9386924545420424,0.1494731234551238,0.0399990081787073,0.039999008178707385
2018-04-12,26.89999961853028,27.06999969482422,26.89999961853028,26.9950008392334,26.9950008392334,-0.7145230367333988,0.7276179392691651,0.1950016021728515,0.19500160217285156
2018-04-13,26.979999542236328,26.996000289916992,26.76000022888184,26.799999237060547,26.799999237060547,-0.7985865684116401,-0.7223619044658292,-0.1950016021728515,-0.19500160217285156
2018-04-16,27.07999992370605,27.15999984741211,27.07999992370605,27.1200008392334,27.1200008392334,-0.5463959733769163,1.1940358629948689,0.3200016021728515,0.32000160217285156
2018-04-17,27.26000022888184,27.5,27.26000022888184,27.479999542236328,27.479999542236328,-0.443651656881288,1.3274288048034766,0.3599987030029297,0.3599987030029297
2018-04-18,27.479999542236328,27.700000762939453,27.479999542236328,27.65999984741211,27.65999984741211,-0.3128861631595793,0.6550229555103204,0.1800003051757812,0.18000030517578125
2018-04-19,27.57999992370605,27.57999992370605,27.38999938964844,27.42399978637696,27.42399978637696,-0.9293520621333488,-0.8532178681744718,-0.2360000610351527,-0.23600006103514914
2018-04-20,27.3700008392334,27.39999961853028,27.200000762939453,27.23699951171875,27.23699951171875,-0.7799057835942532,-0.6818854875834002,-0.1870002746582066,-0.18700027465821023
2018-04-23,27.239999771118164,27.239999771118164,27.06999969482422,27.104999542236328,27.104999542236328,-0.9760540241768162,-0.4846347683254537,-0.1319999694824218,-0.13199996948242188
2018-04-24,27.190000534057617,27.261999130249023,26.75,26.790000915527344,26.790000915527344,-0.3409073403856598,-1.1621421583798195,-0.3149986267089844,-0.3149986267089844
2018-04-25,26.799999237060547,26.799999237060547,26.434999465942383,26.61000061035156,26.61000061035156,-0.9760540241768162,-0.6718936133796705,-0.1800003051757848,-0.1800003051757848
2018-04-26,26.780000686645508,26.87299919128418,26.729999542236328,26.729999542236328,26.729999542236328,-0.5370555809682228,0.4509542620532158,0.1199989318847691,0.11999893188476918
2018-04-27,26.815000534057617,26.93000030517578,26.780000686645508,26.81999969482422,26.81999969482422,0.2662181661794162,0.3367009133153242,0.0900001525878906,0.09000015258789062
2018-04-30,26.84000015258789,26.864999771118164,26.76300048828125,26.86000061035156,26.86000061035156,-0.873309707681188,0.1491458463180439,0.0400009155273402,0.0400009155273402
2018-05-01,26.700000762939453,26.88999938964844,26.655000686645508,26.86000061035156,26.86000061035156,-0.9200116697246552,0.0,0.0,0.0
2018-05-02,26.93000030517578,26.97100067138672,26.850000381469727,26.86000061035156,26.86000061035156,-0.7238634291420923,0.0,0.0,0.0
2018-05-03,26.799999237060547,26.924999237060547,26.57999992370605,26.924999237060547,26.924999237060547,-0.8452885304551075,0.2419904141176321,0.0649986267089879,0.06499862670898793
2018-05-04,26.76000022888184,27.1200008392334,26.76000022888184,27.09000015258789,27.09000015258789,-0.5277151885595293,0.6128167881253921,0.1650009155273437,0.16500091552734375
2018-05-07,27.18000030517578,27.420000076293945,27.08699989318848,27.34000015258789,27.34000015258789,-0.6771614670986249,0.9228497548609882,0.25,0.25
2018-05-08,27.21999931335449,27.41900062561035,27.21999931335449,27.40999984741211,27.40999984741211,-0.9667136317681227,0.2560339957335067,0.0699996948242187,0.06999969482421875
2018-05-09,27.479999542236328,27.729999542236328,27.3799991607666,27.700000762939453,27.700000762939453,-0.228822631481338,1.058011372279255,0.2900009155273437,0.29000091552734375
2018-05-10,27.5,28.06999969482422,27.5,28.06999969482422,28.06999969482422,0.3502816978576575,1.335736179400393,0.3699989318847656,0.3699989318847656
2018-05-11,27.933000564575195,27.959999084472656,27.88999938964844,27.902999877929688,27.902999877929688,0.0327083559620793,-0.5949405725334755,-0.1669998168945312,-0.16699981689453125
2018-05-15,27.6299991607666,27.6299991607666,27.506999969482425,27.614999771118164,27.614999771118164,-0.8639693152724944,-1.032147468270328,-0.2880001068115234,-0.28800010681152344
2018-05-16,27.6299991607666,27.698999404907227,27.518999099731445,27.670000076293945,27.670000076293945,4.133140623378516,0.1991682260787275,0.0550003051757812,0.05500030517578125
2018-05-17,27.670000076293945,27.850000381469727,27.66699981689453,27.700000762939453,27.700000762939453,-0.0887167453509358,0.1084231534614676,0.0300006866455078,0.030000686645507812
2018-05-18,27.826000213623047,27.826000213623047,27.729999542236328,27.770000457763672,27.770000457763672,0.7799397486575574,0.2527064725495354,0.0699996948242187,0.06999969482421875
2018-05-21,27.940000534057617,27.950000762939453,27.850000381469727,27.858999252319336,27.858999252319336,-0.3969496948378206,0.3204853910284466,0.088998794555664,0.08899879455566406
2018-05-22,27.96999931335449,27.96999931335449,27.729999542236328,27.850000381469727,27.850000381469727,-0.7985865684116401,-0.0323014863818582,-0.0089988708496093,-0.008998870849609375
2018-05-23,27.549999237060547,27.68000030517578,27.540000915527344,27.68000030517578,27.68000030517578,-0.7051826443247053,-0.6104131919763112,-0.1700000762939453,-0.1700000762939453
2018-05-24,27.770000457763672,27.88999938964844,27.655000686645508,27.878999710083008,27.878999710083008,-1.0601175558550575,0.7189284780102279,0.1989994049072265,0.19899940490722656
2018-05-25,27.7450008392334,27.82999992370605,27.71999931335449,27.731000900268555,27.731000900268555,-1.1908830495767662,-0.5308612624323361,-0.1479988098144531,-0.14799880981445312
2018-05-29,27.5,27.559999465942383,27.38999938964844,27.440000534057617,27.440000534057617,-0.7612249987768662,-1.0493684207702692,-0.2910003662109375,-0.2910003662109375
2018-05-30,27.6259994506836,27.790000915527344,27.576000213623047,27.71999931335449,27.71999931335449,-0.8266077456377205,1.020403694778893,0.2799987792968714,0.27999877929687145
2018-05-31,27.799999237060547,27.8700008392334,27.670000076293945,27.75,27.75,-0.6771614670986249,0.1082275879821459,0.0300006866455113,0.030000686645511365
2018-06-01,27.850000381469727,28.209999084472656,27.850000381469727,27.940000534057617,27.940000534057617,-0.1821206694378706,0.6846866092166337,0.1900005340576172,0.1900005340576172
2018-06-04,28.03899955749512,28.13999938964844,27.94499969482422,28.13999938964844,28.13999938964844,-0.7612249987768662,0.7158155038223146,0.1999988555908238,0.19999885559082387
2018-06-05,28.239999771118164,28.350000381469727,28.209999084472656,28.31599998474121,28.31599998474121,-0.2942053783421923,0.625446335857105,0.1760005950927698,0.17600059509276988
2018-06-06,28.309999465942383,28.530000686645508,28.25,28.530000686645508,28.530000686645508,0.8826840651531858,0.7557589420102317,0.2140007019042968,0.21400070190429688
2018-06-07,28.600000381469727,28.600000381469727,28.1299991607666,28.350000381469727,28.350000381469727,1.4431076096747943,-0.6309158809801096,-0.1800003051757812,-0.18000030517578125
2018-06-08,28.239999771118164,28.37299919128418,28.200000762939453,28.364999771118164,28.364999771118164,-0.013993606081388,0.0529078992825837,0.0149993896484375,0.0149993896484375
2018-06-11,28.450000762939453,28.645000457763672,28.450000762939453,28.645000457763672,28.645000457763672,-0.1634398846204837,0.9871344576234176,0.2800006866455078,0.2800006866455078
2018-06-13,28.8700008392334,29.190000534057617,28.770000457763672,28.799999237060547,28.799999237060547,0.2848989509968032,0.5411023802405435,0.154998779296875,0.154998779296875
2018-06-14,28.88999938964844,28.996999740600582,28.8799991607666,28.8799991607666,28.8799991607666,-0.9386924545420424,0.2777775202268406,0.0799999237060546,0.07999992370605469
2018-06-15,28.850000381469727,28.98900032043457,28.756000518798828,28.93000030517578,28.93000030517578,-0.6024383278290771,0.1731341615726522,0.0500011444091796,0.05000114440917969
2018-06-19,28.59000015258789,28.61000061035156,28.36000061035156,28.600000381469727,28.600000381469727,-0.1447590998030967,-1.140684134894443,-0.3299999237060547,-0.3299999237060547
2018-06-20,28.739999771118164,28.770000457763672,28.700000762939453,28.709999084472656,28.709999084472656,-0.4623324416986749,0.3846108445306084,0.1099987030029296,0.10999870300292969
2018-06-21,28.739999771118164,28.739999771118164,28.450000762939453,28.559999465942383,28.559999465942383,-0.2661842011161119,-0.522464727668337,-0.1499996185302734,-0.14999961853027344
2018-06-22,28.559999465942383,28.57999992370605,28.32999992370605,28.3799991607666,28.3799991607666,-0.5557363657856097,-0.6302531811684053,-0.1800003051757812,-0.18000030517578125
2018-06-25,28.21999931335449,28.21999931335449,27.63999938964844,27.749000549316406,27.749000549316406,0.1728142420924814,-2.223391931323615,-0.6309986114501953,-0.6309986114501953
2018-06-26,27.709999084472656,27.881000518798828,27.700000762939453,27.86000061035156,27.86000061035156,-0.5370555809682228,0.4000146269696358,0.1110000610351527,0.1110000610351527
2018-06-27,27.790000915527344,27.920000076293945,27.46999931335449,27.5,27.5,1.396405647631327,-1.292177323994026,-0.3600006103515589,-0.36000061035155895
2018-06-28,27.34000015258789,27.56999969482422,27.315000534057617,27.559999465942383,27.559999465942383,-0.621119112646464,0.218179876154112,0.0599994659423828,0.05999946594238281
2018-06-29,27.827999114990234,27.882999420166016,27.75,27.75,27.75,-0.7612249987768662,0.6894068858470437,0.1900005340576172,0.1900005340576172
2018-07-02,27.39999961853028,27.809999465942383,27.381000518798828,27.799999237060547,27.799999237060547,-0.2194822390726445,0.1801774308488157,0.0499992370605468,0.049999237060546875
2018-07-03,27.86000061035156,27.920000076293945,27.790000915527344,27.790000915527344,27.790000915527344,-0.6771614670986249,-0.0359651863582555,-0.0099983215332031,-0.009998321533203125
2018-07-05,27.780000686645508,27.780000686645508,27.670000076293945,27.770000457763672,27.770000457763672,-0.6117787202377706,-0.0719699787864902,-0.0200004577636718,-0.020000457763671875
2018-07-06,27.89999961853028,28.26000022888184,27.89999961853028,28.26000022888184,28.26000022888184,-0.9667136317681227,1.7644932050448592,0.4899997711181676,0.4899997711181676
2018-07-09,28.51000022888184,28.559999465942383,28.3799991607666,28.44499969482422,28.44499969482422,-0.873309707681188,0.6546336321445301,0.1849994659423792,0.18499946594237926
2018-07-10,28.6299991607666,28.690000534057617,28.506999969482425,28.56999969482422,28.56999969482422,0.2662181661794162,0.4394445468134167,0.125,0.125
2018-07-11,28.489999771118164,28.61000061035156,28.489999771118164,28.57999992370605,28.57999992370605,-1.1348406951246053,0.0350025515878593,0.0100002288818323,0.010000228881832385
2018-07-12,28.81999969482422,29.0,28.81999969482422,29.0,29.0,0.8266417107010249,1.4695594031320258,0.4200000762939488,0.42000007629394887
2018-07-16,28.90999984741211,28.90999984741211,28.799999237060547,28.809999465942383,28.809999465942383,4.086438661335048,-0.6551742553710938,-0.1900005340576172,-0.1900005340576172
2018-07-17,28.75,28.96999931335449,28.75,28.96999931335449,28.96999931335449,-0.5744171506029967,0.5553622019370374,0.1599998474121058,0.15999984741210582
2018-07-18,29.030000686645508,29.11000061035156,28.89999961853028,29.030000686645508,29.030000686645508,-0.4343112644725945,0.2071155495794618,0.0600013732910191,0.06000137329101918
2018-07-19,28.89999961853028,29.18000030517578,28.89999961853028,28.90999984741211,28.90999984741211,0.6024722928923815,-0.4133683651223685,-0.1200008392333984,-0.12000083923339844
2018-07-20,29.114999771118164,29.21999931335449,28.89999961853028,28.950000762939453,28.950000762939453,-0.639799897463851,0.1383635964665064,0.0400009155273437,0.04000091552734375
2018-07-23,28.93000030517578,29.36000061035156,28.799999237060547,28.799999237060547,28.799999237060547,-0.2008014542552576,-0.5181399721098878,-0.1500015258789062,-0.15000152587890625
2018-07-24,29.07999992370605,29.18400001525879,28.700000762939453,28.75,28.75,-0.0046532136726945,-0.1736084666148385,-0.0499992370605468,-0.049999237060546875
2018-07-25,28.790000915527344,29.25,28.790000915527344,29.209999084472656,29.209999084472656,0.4997279763967532,1.59999681555707,0.4599990844726562,0.45999908447265625
2018-07-26,28.979999542236328,29.07999992370605,28.76000022888184,28.82999992370605,28.82999992370605,0.1728142420924814,-1.3009215086507986,-0.3799991607666051,-0.3799991607666051
2018-07-27,28.989999771118164,29.0,28.420000076293945,28.420000076293945,28.420000076293945,-0.1073975301683228,-1.4221292004755637,-0.4099998474121058,-0.4099998474121058
2018-07-30,28.51499938964844,28.51499938964844,28.0,28.0,28.0,-0.2008014542552576,-1.4778327767996036,-0.4200000762939453,-0.4200000762939453
2018-07-31,28.239999771118164,28.40999984741211,28.040000915527344,28.1200008392334,28.1200008392334,0.4343452295358988,0.4285744258335722,0.1200008392333984,0.12000083923339844
2018-08-01,28.13999938964844,28.25,28.125,28.190000534057617,28.190000534057617,0.4530260143532857,0.2489320509782899,0.0699996948242187,0.06999969482421875
2018-08-02,28.13999938964844,28.450000762939453,28.1299991607666,28.40999984741211,28.40999984741211,-0.1354187073944032,0.7804161375899898,0.2199993133544922,0.2199993133544922
2018-08-06,28.40999984741211,28.600000381469727,28.39999961853028,28.540000915527344,28.540000915527344,-0.8172673532290271,0.4575891193715486,0.1300010681152343,0.13000106811523438
2018-08-07,28.65999984741211,28.690000534057617,28.59000015258789,28.64999961853028,28.64999961853028,-0.0700359605335489,0.3854194095105567,0.1099987030029332,0.10999870300293679
2018-08-08,28.809999465942383,28.850000381469727,28.729999542236328,28.850000381469727,28.850000381469727,-0.210141846663951,0.698082951491874,0.2000007629394495,0.20000076293944602
2018-08-09,29.0,29.06399917602539,28.93000030517578,29.06399917602539,29.06399917602539,0.4717067991706727,0.7417635761735264,0.213998794555664,0.21399879455566406
2018-08-10,28.71999931335449,28.959999084472656,28.709999084472656,28.8799991607666,28.8799991607666,0.359622090266351,-0.6330856746327274,-0.184000015258789,-0.18400001525878906
2018-08-13,28.790000915527344,28.86899948120117,28.51000022888184,28.51000022888184,28.51000022888184,-0.4062900872465141,-1.2811597736727245,-0.3699989318847621,-0.3699989318847621
2018-08-14,28.6299991607666,28.8700008392334,28.5,28.799999237060547,28.799999237060547,-0.1167379225770163,1.017183464926541,0.2899990081787074,0.2899990081787074
2018-08-15,28.5,28.52499961853028,28.14999961853028,28.420000076293945,28.420000076293945,0.0980911028229336,-1.3194415653928535,-0.3799991607666015,-0.37999916076660156
2018-08-16,28.450000762939453,28.670000076293945,28.450000762939453,28.48500061035156,28.48500061035156,0.5277491536228336,0.2287140530721876,0.0650005340576136,0.06500053405761363
2018-08-17,28.51000022888184,28.809999465942383,28.47900009155273,28.809999465942383,28.809999465942383,-0.1914610618465641,1.140947335885678,0.3249988555908238,0.32499885559082387
2018-08-20,28.790000915527344,29.040000915527344,28.731000900268555,28.905000686645508,28.905000686645508,0.2755585585881097,0.3297508589523934,0.095001220703125,0.095001220703125
2018-08-21,29.0,29.31999969482422,29.0,29.280000686645508,29.280000686645508,1.004109166466201,1.2973533682469451,0.375,0.375
2018-08-22,29.530000686645508,29.530000686645508,29.229999542236328,29.350000381469727,29.350000381469727,-0.4062900872465141,0.2390699903779269,0.0699996948242187,0.06999969482421875
2018-08-23,29.280000686645508,29.520000457763672,29.280000686645508,29.40999984741211,29.40999984741211,2.872187648204896,0.2044274792591283,0.0599994659423828,0.05999946594238281
2018-08-24,29.43000030517578,29.749000549316406,29.43000030517578,29.53700065612793,29.53700065612793,-0.424970872063901,0.4318286615938138,0.1270008087158203,0.1270008087158203
2018-08-27,29.68000030517578,30.06999969482422,29.600000381469727,29.95499992370605,29.95499992370605,0.8546628879271053,1.4151716771939826,0.4179992675781214,0.41799926757812145
2018-08-28,30.01000022888184,30.18000030517578,30.0,30.0,30.0,1.022789951283588,0.1502255930848406,0.0450000762939488,0.045000076293948865
2018-08-29,30.059999465942383,30.36000061035156,30.030000686645508,30.165000915527344,30.165000915527344,0.6398338625271554,0.5500030517578081,0.1650009155273437,0.16500091552734375
2018-08-30,30.479999542236328,30.479999542236328,30.040000915527344,30.170000076293945,30.170000076293945,0.4343452295358988,0.0165727187630526,0.0049991607666015,0.0049991607666015625
2018-08-31,30.0,30.190000534057617,30.0,30.104999542236328,30.104999542236328,-0.1634398846204837,-0.2154475767094599,-0.0650005340576171,-0.06500053405761719
2018-09-04,29.940000534057617,30.100000381469727,29.81999969482422,30.100000381469727,30.100000381469727,2.6853798000310265,-0.0166057493526494,-0.0049991607666015,-0.0049991607666015625
2018-09-05,29.81999969482422,29.85300064086914,29.32999992370605,29.459999084472656,29.459999084472656,-0.2848649859334989,-2.1262501291896,-0.6400012969970703,-0.6400012969970703
2018-09-06,29.459999084472656,29.79899978637696,29.325000762939453,29.38999938964844,29.38999938964844,1.9194676225181613,-0.2376092905620908,-0.0699996948242152,-0.0699996948242152
2018-09-07,29.239999771118164,29.56999969482422,29.21999931335449,29.270000457763672,29.270000457763672,0.5277491536228336,-0.4082985177843667,-0.1199989318847691,-0.11999893188476918
2018-09-10,29.450000762939453,29.63500022888184,29.38999938964844,29.6200008392334,29.6200008392334,0.0887507104142401,1.1957648650356978,0.3500003814697265,0.35000038146972656
2018-09-11,29.43000030517578,29.739999771118164,29.43000030517578,29.700000762939453,29.700000762939453,2.124956255509418,0.2700875132997549,0.0799999237060546,0.07999992370605469
2018-09-12,30.040000915527344,30.040000915527344,29.450000762939453,29.81999969482422,29.81999969482422,-0.3502477327943532,0.4040367973138448,0.1199989318847656,0.11999893188476562
2018-09-13,29.809999465942383,29.933000564575195,29.76000022888184,29.76000022888184,29.76000022888184,0.0607295331881597,-0.2012054545821873,-0.0599994659423792,-0.05999946594237926
2018-09-14,29.89999961853028,30.100000381469727,29.559999465942383,29.93099975585937,29.93099975585937,-0.1914610618465641,0.5745951803171723,0.1709995269775319,0.17099952697753196
2018-09-17,29.93000030517578,30.38999938964844,29.46999931335449,29.565000534057617,29.565000534057617,0.0794103180055467,-1.222809878678055,-0.3659992218017542,-0.36599922180175426
2018-09-18,29.56999969482422,29.8799991607666,29.56999969482422,29.815000534057617,29.815000534057617,-0.7425442139594792,0.8455944376257074,0.25,0.25
2018-09-19,29.790000915527344,29.8700008392334,29.600000381469727,29.75,29.75,0.8079609258836379,-0.2180128555871352,-0.0650005340576171,-0.06500053405761719
2018-09-20,29.75,29.89900016784668,29.71999931335449,29.850000381469727,29.850000381469727,0.3689624826750445,0.3361357360326833,0.1000003814697265,0.10000038146972656
2018-09-21,29.8700008392334,29.8700008392334,29.799999237060547,29.799999237060547,29.799999237060547,-0.1634398846204837,-0.1675080193306088,-0.0500011444091796,-0.05000114440917969
2018-09-24,29.450000762939453,29.832000732421875,29.450000762939453,29.832000732421875,29.832000732421875,-0.2661842011161119,0.1073875710759342,0.0320014953613281,0.032001495361328125
2018-09-25,29.950000762939453,29.98500061035156,29.780000686645508,29.940000534057617,29.940000534057617,-0.2755245935248054,0.3620266793516347,0.1079998016357421,0.10799980163574219
2018-09-26,29.88999938964844,30.200000762939453,29.75,29.790000915527344,29.790000915527344,0.9947687740575074,-0.5010007209573897,-0.1499996185302734,-0.14999961853027344
2018-09-27,29.76000022888184,29.86100006103516,29.63999938964844,29.63999938964844,29.63999938964844,-0.1260783149857098,-0.5035297793519633,-0.1500015258789027,-0.1500015258789027
2018-09-28,29.61000061035156,29.8799991607666,29.600000381469727,29.65999984741211,29.65999984741211,-0.3595881252030467,0.0674779290672056,0.0200004577636683,0.020000457763668322
2018-10-01,29.71999931335449,30.21999931335449,29.6299991607666,29.69099998474121,29.69099998474121,-0.5744171506029967,0.1045183327329279,0.0310001373291015,0.031000137329101562
2018-10-02,29.5,29.82999992370605,29.18000030517578,29.315000534057617,29.315000534057617,-0.424970872063901,-1.2663751671443402,-0.3759994506835937,-0.37599945068359375
2018-10-03,29.36000061035156,29.55900001525879,29.13999938964844,29.39999961853028,29.39999961853028,-0.5744171506029967,0.2899508201403833,0.0849990844726598,0.08499908447266336
2018-10-04,29.18000030517578,29.26000022888184,28.59000015258789,28.75,28.75,1.022789951283588,-2.2108830849119965,-0.649999618530277,-0.6499996185302805
2018-10-05,28.64999961853028,28.64999961853028,28.14999961853028,28.450000762939453,28.450000762939453,0.6771954321619292,-1.0434756071671214,-0.2999992370605469,-0.2999992370605469
2018-10-08,27.979999542236328,28.150999069213867,27.49099922180176,27.875,27.875,0.9200456347879596,-2.0210922584173785,-0.5750007629394531,-0.5750007629394531
2018-10-09,27.6200008392334,27.979999542236328,27.549999237060547,27.608999252319336,27.608999252319336,1.732659774344292,-0.9542627719485663,-0.266000747680664,-0.26600074768066406
2018-10-11,26.291000366210938,26.71999931335449,26.0,26.0,26.0,0.2662181661794162,-5.827807221894032,-1.608999252319336,-1.608999252319336
2018-10-12,26.65999984741211,26.799999237060547,26.21999931335449,26.520000457763672,26.520000457763672,0.6024722928923815,2.00000176062951,0.5200004577636719,0.5200004577636719
2018-10-15,26.319000244140625,26.670000076293945,26.319000244140625,26.59000015258789,26.59000015258789,-0.9386924545420424,0.2639505792456642,0.0699996948242187,0.06999969482421875
2018-10-16,27.209999084472656,27.3700008392334,26.94499969482422,27.350000381469727,27.350000381469727,1.4244268248574077,2.858218219332609,0.7600002288818359,0.7600002288818359
2018-10-17,27.30599975585937,27.31999969482422,27.07999992370605,27.299999237060547,27.299999237060547,-0.4903536189247554,-0.1828195382514774,-0.0500011444091796,-0.05000114440917969
2018-10-18,27.030000686645508,27.520000457763672,26.51700019836425,26.739999771118164,26.739999771118164,0.8266417107010249,-2.051280152353141,-0.5599994659423828,-0.5599994659423828
2018-10-19,26.8700008392334,27.209999084472656,26.475000381469727,26.4950008392334,26.4950008392334,0.5090683688054467,-0.9162263798872194,-0.2449989318847656,-0.24499893188476562
2018-10-22,26.61000061035156,26.690000534057617,26.5,26.57999992370605,26.57999992370605,1.9755099769703224,0.3208117825261203,0.0849990844726527,0.0849990844726527
2018-10-23,26.0,26.18000030517578,25.709999084472656,26.18000030517578,26.18000030517578,-0.2008014542552576,-1.504889464553838,-0.3999996185302699,-0.3999996185302699
2018-10-24,26.190000534057617,26.190000534057617,25.239999771118164,25.239999771118164,25.239999771118164,-0.0793763529422424,-3.5905291180297616,-0.9400005340576172,-0.9400005340576172
2018-10-25,25.43000030517578,25.8799991607666,25.420000076293945,25.63999938964844,25.63999938964844,-0.4716728341073684,1.5847845568841556,0.399999618530277,0.399999618530277
2018-10-26,25.059999465942383,25.530000686645508,24.670000076293945,24.93400001525879,24.93400001525879,2.162317825144192,-2.753507765973984,-0.705999374389652,-0.705999374389652
2018-10-29,25.25,25.5,24.40999984741211,24.6299991607666,24.6299991607666,-0.5650767581943033,-1.219222163736866,-0.3040008544921875,-0.3040008544921875
2018-10-30,25.040000915527344,25.09000015258789,24.56999969482422,25.09000015258789,25.09000015258789,-0.4156304796552075,1.8676451786244108,0.460000991821289,0.46000099182128906
2018-10-31,25.31999969482422,25.88999938964844,25.31999969482422,25.670000076293945,25.670000076293945,-0.6678210746899315,2.311677641206522,0.5799999237060547,0.5799999237060547
2018-11-01,25.809999465942383,26.3799991607666,25.790000915527344,26.32999992370605,26.32999992370605,0.1728142420924814,2.5710940609681154,0.6599998474121058,0.6599998474121058
2018-11-02,26.511999130249023,26.655000686645508,26.229999542236328,26.350000381469727,26.350000381469727,-0.621119112646464,0.0759607209328772,0.0200004577636754,0.020000457763675428
2018-11-05,26.40999984741211,26.40999984741211,26.02899932861328,26.18000030517578,26.18000030517578,-0.5930979354203837,-0.645161570523145,-0.1700000762939453,-0.1700000762939453
2018-11-06,26.190000534057617,26.479999542236328,26.13999938964844,26.40999984741211,26.40999984741211,-0.6024383278290771,0.8785314727091764,0.2299995422363281,0.22999954223632812
2018-11-07,26.56999969482422,27.062000274658203,26.56999969482422,27.040000915527344,27.040000915527344,-0.2568438087074184,2.3854641111517028,0.6300010681152344,0.6300010681152344
2018-11-08,27.01000022888184,27.190000534057617,26.87700080871582,26.92099952697754,26.92099952697754,-0.4903536189247554,-0.4400938776650376,-0.1190013885498046,-0.11900138854980469
2018-11-09,26.81999969482422,26.8700008392334,26.32999992370605,26.530000686645508,26.530000686645508,-0.835948138046414,-1.4523934742475375,-0.3909988403320312,-0.39099884033203125
2018-11-12,26.1259994506836,26.1259994506836,25.75,25.81599998474121,25.81599998474121,-0.3035457707508858,-2.6912954520340704,-0.7140007019042969,-0.7140007019042969
2018-11-13,25.799999237060547,25.89999961853028,25.76000022888184,25.82200050354004,25.82200050354004,-0.9013308849072684,0.0232434102974021,0.0060005187988281,0.006000518798828125
2018-11-14,26.11000061035156,26.459999084472656,25.655000686645508,25.80500030517578,25.80500030517578,-0.2755245935248054,-0.06583610112596,-0.0170001983642578,-0.017000198364257812
2018-11-15,25.75,26.0,25.6299991607666,25.920000076293945,25.920000076293945,-0.6678210746899315,0.445649175578966,0.114999771118164,0.11499977111816406
2018-11-16,26.020000457763672,26.020000457763672,25.780000686645508,25.959999084472656,25.959999084472656,-1.1255003027159118,0.1543171607290672,0.0399990081787109,0.03999900817871094
2018-11-19,25.93000030517578,25.93000030517578,25.049999237060547,25.09600067138672,25.09600067138672,-0.873309707681188,-3.3281912309570005,-0.8639984130859375,-0.8639984130859375
2018-11-20,24.01000022888184,25.030000686645508,24.01000022888184,24.599000930786133,24.599000930786133,-0.1354187073944032,-1.9803941955071849,-0.4969997406005859,-0.49699974060058594
2018-11-21,24.799999237060547,25.1200008392334,24.799999237060547,25.020000457763672,25.020000457763672,-0.854628922863801,1.7114496973356763,0.420999526977539,0.42099952697753906
2018-11-23,24.93000030517578,25.18000030517578,24.93000030517578,25.12700080871582,25.12700080871582,-1.01341559381159,0.4276592685630742,0.1070003509521484,0.10700035095214844
2018-11-26,25.21999931335449,25.530000686645508,25.21999931335449,25.51000022888184,25.51000022888184,-0.7238634291420923,1.524254418908466,0.3829994201660192,0.3829994201660192
2018-11-27,25.07999992370605,25.39999961853028,25.030000686645508,25.354999542236328,25.354999542236328,-0.5557363657856097,-0.607607547059219,-0.1550006866455113,-0.15500068664551137
2018-11-28,25.38999938964844,26.06999969482422,25.36000061035156,26.0,26.0,0.2662181661794162,2.5438787986930667,0.6450004577636719,0.6450004577636719
2018-11-29,26.09000015258789,26.26000022888184,26.09000015258789,26.100000381469727,26.100000381469727,-0.5837575430116901,0.3846168518066406,0.1000003814697265,0.10000038146972656
2018-11-30,26.13999938964844,26.18899917602539,25.920000076293945,26.18899917602539,26.18899917602539,-0.5557363657856097,0.3409915450378609,0.088998794555664,0.08899879455566406
2018-12-03,26.549999237060547,26.63999938964844,26.270000457763672,26.63999938964844,26.63999938964844,0.4530260143532857,1.7220979335320186,0.4510002136230504,0.4510002136230504
2018-12-04,26.3799991607666,26.3799991607666,25.71999931335449,25.71999931335449,25.71999931335449,0.0794103180055467,-3.453453818964569,-0.9200000762939524,-0.9200000762939524
2018-12-06,25.049999237060547,25.47800064086914,24.700000762939453,25.47800064086914,25.47800064086914,-0.6117787202377706,-0.940896885482012,-0.241998672485348,-0.241998672485348
2018-12-07,25.511999130249023,25.511999130249023,25.040000915527344,25.11100006103516,25.11100006103516,-1.1348406951246053,-1.4404606743171122,-0.3670005798339808,-0.3670005798339808
2018-12-10,24.90999984741211,25.1259994506836,24.799999237060547,25.1259994506836,25.1259994506836,0.1167718876403206,0.0597323468280119,0.0149993896484375,0.014999389648441053
2018-12-11,25.299999237060547,25.34499931335449,24.950000762939453,25.13599967956543,25.13599967956543,1.4244268248574077,0.0398003227750631,0.0100002288818323,0.010000228881828832
2018-12-12,25.3799991607666,25.739999771118164,24.950000762939453,25.549999237060547,25.549999237060547,1.396405647631327,1.6470383623997442,0.4139995574951172,0.4139995574951172
2018-12-13,25.799999237060547,25.799999237060547,25.270000457763672,25.40800094604492,25.40800094604492,-0.9947348089942032,-0.5557663219404652,-0.1419982910156285,-0.14199829101562855
2018-12-14,25.479999542236328,25.479999542236328,24.8700008392334,24.979999542236328,24.979999542236328,-0.6865018595073185,-1.684514278464766,-0.4280014038085902,-0.4280014038085902
2018-12-17,24.8700008392334,24.8700008392334,24.13999938964844,24.190000534057617,24.190000534057617,0.6118126853010749,-3.162526111511632,-0.7899990081787109,-0.7899990081787109
2018-12-18,24.290000915527344,24.59000015258789,24.170000076293945,24.290000915527344,24.290000915527344,-0.2008014542552576,0.4133955322941585,0.1000003814697265,0.10000038146972656
2018-12-19,24.290000915527344,24.68000030517578,23.8700008392334,24.1299991607666,24.1299991607666,-0.0046532136726945,-0.6587144863319461,-0.1600017547607422,-0.1600017547607422
2018-12-20,23.84000015258789,23.86199951171875,23.18000030517578,23.46999931335449,23.46999931335449,1.7233193819355983,-2.735183880508452,-0.6599998474121129,-0.6599998474121129
2018-12-21,23.530000686645508,23.530000686645508,22.92099952697754,22.92099952697754,22.92099952697754,-0.3969496948378206,-2.3391555280726672,-0.5489997863769496,-0.5489997863769496
2018-12-24,22.670000076293945,23.09199905395508,22.46999931335449,22.46999931335449,22.46999931335449,1.4804691793095683,-1.96762891204737,-0.4510002136230504,-0.4510002136230504
2018-12-26,22.8700008392334,23.46999931335449,21.57999992370605,23.46999931335449,23.46999931335449,1.555192318579116,4.4503784181500805,1.0,1.0
2018-12-28,24.06999969482422,24.190000534057617,23.71999931335449,23.770000457763672,23.770000457763672,3.535355509222133,1.2782324379467802,0.3000011444091832,0.30000114440918324
2018-12-31,23.88999938964844,23.98900032043457,23.63999938964844,23.8799991607666,23.8799991607666,2.442529597404996,0.4627627298467329,0.1099987030029296,0.10999870300292969
2019-01-02,23.81999969482422,24.06999969482422,23.81999969482422,23.941999435424805,23.941999435424805,-1.0414367710376706,0.2596326500717172,0.0620002746582031,0.062000274658203125
2019-01-03,23.5,23.5,23.15999984741211,23.209999084472656,23.209999084472656,-1.032096378628977,-3.0573902272718056,-0.7320003509521484,-0.7320003509521484
2019-01-04,23.950000762939453,24.290000915527344,23.950000762939453,24.15900039672852,24.15900039672852,0.8826840651531858,4.088760662169699,0.9490013122558628,0.9490013122558629
2019-01-07,24.31999969482422,24.709999084472656,24.31999969482422,24.65399932861328,24.65399932861328,-1.069457948263751,2.048921411300575,0.4949989318847621,0.4949989318847621
2019-01-08,25.14999961853028,25.14999961853028,24.79199981689453,24.97100067138672,24.97100067138672,2.7227413696658007,1.2858008899413242,0.3170013427734375,0.3170013427734375
2019-01-09,25.22800064086914,25.367000579833984,25.22800064086914,25.334999084472656,25.334999084472656,-0.9667136317681227,1.4576845272485484,0.3639984130859375,0.3639984130859375
2019-01-10,24.75,25.51700019836425,24.75,25.51700019836425,25.51700019836425,-1.032096378628977,0.7183782138091344,0.182001113891598,0.18200111389159446
2019-01-11,25.507999420166016,25.549999237060547,25.336000442504883,25.46500015258789,25.46500015258789,-1.01341559381159,-0.203785889297825,-0.0520000457763636,-0.05200004577636008
2019-01-14,25.11000061035156,25.39999961853028,25.100000381469727,25.21999931335449,25.21999931335449,-0.9293520621333488,-0.96210813966362,-0.245000839233402,-0.245000839233402
2019-01-15,25.51000022888184,25.700000762939453,25.503999710083008,25.590999603271484,25.590999603271484,-0.5277151885595293,1.4710559080806318,0.3710002899169957,0.37100028991699574
2019-01-16,25.80500030517578,25.82999992370605,25.72599983215332,25.78899955749512,25.78899955749512,-0.9013308849072684,0.7737093403663797,0.1979999542236363,0.19799995422363637
2019-01-17,25.71999931335449,26.1200008392334,25.71999931335449,26.049999237060547,26.049999237060547,-0.2568438087074184,1.012058180014086,0.2609996795654261,0.26099967956542613
2019-01-18,25.86000061035156,26.479999542236328,25.86000061035156,26.3799991607666,26.3799991607666,0.4997279763967532,1.2667943699459894,0.3299999237060547,0.3299999237060547
2019-01-22,26.290000915527344,26.290000915527344,25.93000030517578,25.96999931335449,25.96999931335449,0.0327083559620793,-1.5542072041529131,-0.4099998474121129,-0.4099998474121129
2019-01-23,26.049999237060547,26.29800033569336,25.965999603271484,26.07999992370605,26.07999992370605,-0.5090344037421424,0.4235680140930897,0.1100006103515625,0.1100006103515625
2019-01-24,26.170000076293945,26.420000076293945,26.170000076293945,26.415000915527344,26.415000915527344,0.2755585585881097,1.284513009207422,0.3350009918212926,0.3350009918212926
2019-01-25,26.739999771118164,26.88999938964844,26.690000534057617,26.83300018310547,26.83300018310547,-0.2568438087074184,1.5824313953834324,0.417999267578125,0.417999267578125
2019-01-28,26.5,26.6200008392334,26.270000457763672,26.614999771118164,26.614999771118164,-0.3502477327943532,-0.812433982408578,-0.2180004119873047,-0.2180004119873047
2019-01-29,26.559999465942383,26.65999984741211,26.450000762939453,26.530000686645508,26.530000686645508,-0.5650767581943033,-0.3193653398595786,-0.0849990844726562,-0.08499908447265625
2019-01-30,26.40999984741211,26.8799991607666,26.395000457763672,26.75300025939941,26.75300025939941,0.0420487483707728,0.8405562268460676,0.2229995727539027,0.2229995727539027
2019-01-31,26.8799991607666,27.222000122070312,26.8799991607666,27.13500022888184,27.13500022888184,-0.210141846663951,1.4278771194951023,0.381999969482429,0.381999969482429
2019-02-01,27.299999237060547,27.39900016784668,27.170000076293945,27.291000366210938,27.291000366210938,0.0887507104142401,0.5749037627169606,0.156000137329098,0.156000137329098
2019-02-04,27.190000534057617,27.600000381469727,27.190000534057617,27.600000381469727,27.600000381469727,0.5090683688054467,1.1322414389813409,0.309000015258789,0.30900001525878906
2019-02-05,27.790000915527344,27.799999237060547,27.71299934387207,27.785999298095703,27.785999298095703,-0.7705653911855597,0.6739091088957094,0.1859989166259765,0.18599891662597656
2019-02-06,27.81999969482422,27.920000076293945,27.780000686645508,27.86899948120117,27.86899948120117,0.574451115666301,0.2987122479023218,0.0830001831054652,0.0830001831054652
2019-02-07,28.0,28.0,27.39999961853028,27.50300025939941,27.50300025939941,-0.639799897463851,-1.313284397054293,-0.3659992218017578,-0.3659992218017578
2019-02-08,27.3700008392334,27.600000381469727,27.35400009155273,27.597999572753903,27.597999572753903,-0.6678210746899315,0.3454143637366513,0.0949993133544921,0.09499931335449219
2019-02-11,28.15999984741211,28.15999984741211,27.68099975585937,27.78499984741211,27.78499984741211,-0.1727802770291771,0.6775863379707481,0.1870002746582066,0.18700027465820668
2019-02-12,27.98900032043457,28.21999931335449,27.98900032043457,28.18099975585937,28.18099975585937,-0.0420147833074684,1.425229118668314,0.3959999084472621,0.3959999084472621
2019-02-13,28.13999938964844,28.26000022888184,28.07999992370605,28.170000076293945,28.170000076293945,-0.032674390898775,-0.0390322545712362,-0.0109996795654261,-0.010999679565426135
2019-02-14,28.13999938964844,28.350000381469727,28.1200008392334,28.280000686645508,28.280000686645508,0.3316009130402706,0.3904884985929779,0.1100006103515625,0.1100006103515625
2019-02-15,28.489999771118164,28.4950008392334,28.25900077819824,28.489999771118164,28.489999771118164,0.1914950269098684,0.7425710020290799,0.2099990844726562,0.20999908447265625
2019-02-19,28.489999771118164,28.5,28.3439998626709,28.5,28.5,-0.0700359605335489,0.0351008387580842,0.0100002288818359,0.010000228881835938
2019-02-20,28.36000061035156,28.549999237060547,28.209999084472656,28.5,28.5,2.862847255796203,0.0,0.0,0.0
2019-02-21,28.43099975585937,28.86000061035156,28.290000915527344,28.3700008392334,28.3700008392334,0.4903875839880597,-0.4561374061985979,-0.1299991607666015,-0.12999916076660156
2019-02-22,28.450000762939453,28.770000457763672,28.450000762939453,28.670000076293945,28.670000076293945,1.2562997615009248,1.0574523376314815,0.2999992370605469,0.2999992370605469
2019-02-26,28.71999931335449,28.84000015258789,28.690000534057617,28.76300048828125,28.76300048828125,-0.2194822390726445,0.3243823220782094,0.0930004119873046,0.09300041198730469
2019-02-27,28.6200008392334,28.777000427246094,28.559999465942383,28.690000534057617,28.690000534057617,-0.3689285176117401,-0.2537981190570693,-0.0729999542236328,-0.07299995422363281
2019-02-28,28.71999931335449,28.90999984741211,28.549999237060547,28.64999961853028,28.64999961853028,-0.2661842011161119,-0.1394245896923385,-0.0400009155273402,-0.040000915527336645
2019-03-01,28.979999542236328,28.979999542236328,28.700000762939453,28.920000076293945,28.920000076293945,-0.7332038215507858,0.9424099872903158,0.2700004577636683,0.27000045776366477
2019-03-04,28.989999771118164,28.989999771118164,28.299999237060547,28.5,28.5,-0.8452885304551075,-1.452282417655404,-0.4200000762939453,-0.4200000762939453
2019-03-05,28.450000762939453,28.65999984741211,28.450000762939453,28.51000022888184,28.51000022888184,0.5651107232576075,0.0350885223924235,0.0100002288818394,0.01000022888183949
2019-03-06,28.51000022888184,28.51000022888184,28.14999961853028,28.23500061035156,28.23500061035156,1.639255850257357,-0.964572487978077,-0.2749996185302805,-0.27499961853028054
2019-03-07,28.57999992370605,28.57999992370605,27.920000076293945,27.950000762939453,27.950000762939453,-0.4623324416986749,-1.0093849521916387,-0.2849998474121058,-0.2849998474121058
2019-03-08,27.52199935913086,27.86000061035156,27.52199935913086,27.849000930786133,27.849000930786133,-0.7985865684116401,-0.3613589602732392,-0.1009998321533203,-0.10099983215332031
2019-03-11,28.06999969482422,28.415000915527344,28.06999969482422,28.40999984741211,28.40999984741211,-0.6771614670986249,2.01443103118939,0.5609989166259766,0.5609989166259766
2019-03-12,28.489999771118164,28.56999969482422,28.33099937438965,28.50200080871582,28.50200080871582,-0.4062900872465141,0.3238330228716668,0.0920009613037109,0.09200096130371094
2019-03-13,28.57999992370605,28.75,28.56100082397461,28.69099998474121,28.69099998474121,-0.1354187073944032,0.6631084508551321,0.1889991760253906,0.18899917602539062
2019-03-14,28.679000854492188,28.71999931335449,28.63999938964844,28.65999984741211,28.65999984741211,-0.0233339984900815,-0.108048298579999,-0.0310001373291015,-0.031000137329101562
2019-03-15,28.93000030517578,28.93000030517578,28.739999771118164,28.819000244140625,28.819000244140625,0.3129201282228836,0.5547815686498536,0.1590003967285156,0.15900039672851562
2019-03-18,29.170000076293945,29.170000076293945,28.700000762939453,28.86899948120117,28.86899948120117,3.516674724404746,0.1734940026960396,0.0499992370605433,0.04999923706054332
2019-03-19,28.920000076293945,29.11000061035156,28.920000076293945,29.0049991607666,29.0049991607666,0.9107052423792662,0.4710924590718646,0.1359996795654332,0.13599967956543324
2019-03-20,28.989999771118164,29.1200008392334,28.76000022888184,28.91399955749512,28.91399955749512,1.8914464452920807,-0.3137376517995949,-0.0909996032714808,-0.09099960327148082
2019-03-21,28.86000061035156,29.29899978637696,28.86000061035156,29.29899978637696,29.29899978637696,-0.0700359605335489,1.3315357085631474,0.3850002288818359,0.3850002288818395
2019-03-22,29.020000457763672,29.09600067138672,28.600000381469727,28.6299991607666,28.6299991607666,1.2936613311356988,-2.2833565326056515,-0.6690006256103551,-0.6690006256103587
2019-03-25,28.84000015258789,28.84000015258789,28.299999237060547,28.452999114990234,28.452999114990234,1.7513405591616789,-0.6182328011344107,-0.1770000457763672,-0.1770000457763672
2019-03-26,28.71299934387207,28.71299934387207,28.46999931335449,28.56800079345703,28.56800079345703,1.508490356535649,0.4041812183033011,0.1150016784667968,0.11500167846679688
2019-03-27,28.700000762939453,28.700000762939453,28.299999237060547,28.475000381469727,28.475000381469727,-0.2568438087074184,-0.3255404977747123,-0.0930004119873046,-0.09300041198730469
2019-03-28,28.450000762939453,28.75,28.39999961853028,28.636999130249023,28.636999130249023,-0.5557363657856097,0.5689157036314452,0.1619987487792968,0.16199874877929688
2019-03-29,28.8700008392334,29.100000381469727,28.8700008392334,29.073999404907227,29.073999404907227,-0.4529920492899815,1.5259988404183078,0.4370002746582031,0.4370002746582031
2019-04-01,29.290000915527344,29.440000534057617,29.231000900268555,29.440000534057617,29.440000534057617,1.3123421159530857,1.2588606199414487,0.3660011291503906,0.3660011291503906
2019-04-02,29.39999961853028,29.51700019836425,29.350000381469727,29.44700050354004,29.44700050354004,-0.2008014542552576,0.0237770698214623,0.0069999694824218,0.006999969482421875
2019-04-03,29.63999938964844,29.84000015258789,29.63999938964844,29.63999938964844,29.63999938964844,2.66669901521364,0.6554110191467455,0.192998886108402,0.192998886108402
2019-04-04,29.700000762939453,29.700000762939453,29.270999908447266,29.358999252319336,29.358999252319336,0.4530260143532857,-0.9480436677311244,-0.2810001373291051,-0.2810001373291051
2019-04-05,29.479999542236328,29.770000457763672,29.40999984741211,29.489999771118164,29.489999771118164,0.0980911028229336,0.4462022621172234,0.1310005187988281,0.13100051879882812
2019-04-08,29.549999237060547,29.71999931335449,29.450000762939453,29.58799934387207,29.58799934387207,0.0794103180055467,0.3323145931316107,0.0979995727539062,0.09799957275390625
2019-04-09,29.549999237060547,29.65999984741211,29.51000022888184,29.53199958801269,29.53199958801269,0.8079609258836379,-0.1892650976787924,-0.0559997558593785,-0.05599975585937855
2019-04-10,29.6299991607666,29.799999237060547,29.6259994506836,29.78499984741211,29.78499984741211,0.7425781790227836,0.8566987096332968,0.2530002593994176,0.2530002593994176
2019-04-11,29.809999465942383,29.850000381469727,29.670000076293945,29.725000381469727,29.725000381469727,-0.3689285176117401,-0.2014418876943424,-0.0599994659423828,-0.05999946594238281
2019-04-12,29.780000686645508,30.100000381469727,29.780000686645508,29.82999992370605,29.82999992370605,-0.1821206694378706,0.3532364706100299,0.1049995422363245,0.10499954223632457
2019-04-15,29.84000015258789,29.96999931335449,29.809999465942383,29.933000564575195,29.933000564575195,-0.1073975301683228,0.3452921258215946,0.1030006408691441,0.10300064086914418
2019-04-16,30.030000686645508,30.1299991607666,30.01000022888184,30.01499938964844,30.01499938964844,0.0794103180055467,0.2739412137996222,0.0819988250732457,0.08199882507324574
2019-04-17,30.14999961853028,30.209999084472656,29.76000022888184,29.78499984741211,29.78499984741211,-0.4716728341073684,-0.7662820153701344,-0.2299995422363316,-0.22999954223633168
2019-04-18,30.09000015258789,30.09000015258789,29.479999542236328,29.73500061035156,29.73500061035156,0.2195162041359488,-0.1678671724582692,-0.0499992370605504,-0.04999923706055043
2019-04-22,29.68000030517578,29.85099983215332,29.61000061035156,29.81100082397461,29.81100082397461,-0.7892461760029467,0.2555917674896379,0.0760002136230504,0.07600021362305043
2019-04-23,29.850000381469727,30.190000534057617,29.850000381469727,30.1200008392334,30.1200008392334,-0.3222265555682728,1.0365301624166934,0.309000015258789,0.30900001525878906
2019-04-24,30.190000534057617,30.5,30.100000381469727,30.14999961853028,30.14999961853028,-0.4062900872465141,0.0995975380511993,0.0299987792968785,0.029998779296882105
2019-04-25,30.040000915527344,30.1299991607666,29.65999984741211,30.030000686645508,30.030000686645508,0.0607295331881597,-0.3980064126137383,-0.1199989318847691,-0.11999893188477273
2019-04-26,29.86000061035156,30.13999938964844,29.823999404907227,30.13999938964844,30.13999938964844,-0.4903536189247554,0.3662960389203329,0.1099987030029332,0.10999870300293324
2019-04-29,30.209999084472656,30.36000061035156,30.141000747680664,30.290000915527344,30.290000915527344,-0.210141846663951,0.4976825776924931,0.1500015258789027,0.1500015258789027
2019-04-30,30.559999465942383,30.82999992370605,30.3799991607666,30.5,30.5,-0.4343112644725945,0.6932950746957767,0.2099990844726562,0.20999908447265625
2019-05-01,30.479999542236328,30.549999237060547,30.24399948120117,30.24399948120117,30.24399948120117,-0.3502477327943532,-0.8393459632748623,-0.2560005187988317,-0.2560005187988317
2019-05-03,30.530000686645508,30.530000686645508,30.280000686645508,30.52300071716309,30.52300071716309,-0.0793763529422424,0.9225011266626336,0.2790012359619211,0.27900123596192117
2019-05-06,30.0,30.39999961853028,29.729999542236328,30.343000411987305,30.343000411987305,-0.210141846663951,-0.5897202140894731,-0.1800003051757848,-0.1800003051757848
2019-05-07,30.100000381469727,30.1200008392334,29.604999542236328,29.780000686645508,29.780000686645508,0.5931319004836879,-1.8554517275733209,-0.5629997253417969,-0.5629997253417969
2019-05-08,30.049999237060547,30.049999237060547,29.7509994506836,29.809999465942383,29.809999465942383,1.0508111285096684,0.1007346494465544,0.029998779296875,0.029998779296875
2019-05-10,29.549999237060547,29.709999084472656,29.100000381469727,29.63400077819824,29.63400077819824,1.0414707361009747,-0.590401512570371,-0.1759986877441441,-0.17599868774414418
2019-05-13,29.049999237060547,29.450000762939453,28.59000015258789,28.68000030517578,28.68000030517578,1.237618976683538,-3.219276668590476,-0.9540004730224574,-0.9540004730224574
2019-05-15,28.88999938964844,29.809999465942383,28.88999938964844,29.363000869750977,29.363000869750977,1.3497036855878597,2.3814524313374497,0.6830005645751953,0.6830005645751953
2019-05-16,29.36000061035156,29.88999938964844,29.36000061035156,29.839000701904297,29.839000701904297,-0.5183747961508358,1.6210871438677943,0.4759998321533203,0.4759998321533203
2019-05-17,29.63999938964844,29.790000915527344,29.45499992370605,29.45499992370605,29.45499992370605,-0.0700359605335489,-1.2869089753858254,-0.3840007781982457,-0.38400077819824574
2019-05-20,29.190000534057617,29.190000534057617,28.920000076293945,29.07999992370605,29.07999992370605,-0.4623324416986749,-1.273128504401022,-0.375,-0.375
2019-05-21,29.309999465942383,29.440000534057617,29.309999465942383,29.410999298095703,29.410999298095703,-1.0414367710376706,1.1382371913963407,0.330999374389652,0.330999374389652
2019-05-22,29.410999298095703,29.600000381469727,29.410999298095703,29.5,29.5,1.555192318579116,0.3026102615631298,0.0890007019042968,0.08900070190429688
2019-05-23,29.200000762939453,29.200000762939453,28.75,28.863000869750977,28.863000869750977,-0.4156304796552075,-2.159319085589906,-0.6369991302490234,-0.6369991302490234
2019-05-24,29.020000457763672,29.07999992370605,28.770000457763672,28.968000411987305,28.968000411987305,-0.3595881252030467,0.3637859511218311,0.1049995422363281,0.10499954223632812
2019-05-28,29.0,29.350000381469727,28.937000274658203,28.988000869750977,28.988000869750977,-0.2194822390726445,0.0690432804447027,0.0200004577636718,0.020000457763671875
2019-05-29,28.84000015258789,28.84000015258789,28.530000686645508,28.6259994506836,28.6259994506836,-0.4156304796552075,-1.248797461728823,-0.3620014190673792,-0.3620014190673757
2019-05-30,28.700000762939453,28.86000061035156,28.600000381469727,28.770999908447266,28.770999908447266,-0.1260783149857098,0.5065341317199268,0.1450004577636683,0.14500045776366477
2019-05-31,28.489999771118164,28.559999465942383,28.36000061035156,28.420000076293945,28.420000076293945,0.359622090266351,-1.2199778710167974,-0.3509998321533203,-0.3509998321533203
2019-06-04,28.229999542236328,28.64999961853028,28.229999542236328,28.64999961853028,28.64999961853028,-0.3409073403856598,0.8092876200524124,0.2299995422363316,0.22999954223633523
2019-06-05,29.0,29.040000915527344,28.01000022888184,28.989999771118164,28.989999771118164,3.890290420752485,1.1867370230887575,0.3400001525878871,0.3400001525878835
2019-06-06,29.040000915527344,29.1299991607666,28.790000915527344,29.025999069213867,29.025999069213867,-0.4903536189247554,0.1241783317693201,0.0359992980957031,0.035999298095703125
2019-06-07,28.790000915527344,29.559999465942383,28.790000915527344,29.4950008392334,29.4950008392334,1.0601515209183618,1.6157988874083928,0.4690017700195312,0.46900177001953125
2019-06-10,29.63999938964844,29.854999542236328,29.63999938964844,29.71999931335449,29.71999931335449,-0.5090344037421424,0.762835964465558,0.2249984741210902,0.2249984741210902
2019-06-11,30.01000022888184,30.07999992370605,29.420000076293945,29.549999237060547,29.549999237060547,0.9200456347879596,-0.5720056535046814,-0.1700000762939417,-0.17000007629394176
2019-06-12,30.309999465942383,30.309999465942383,29.4060001373291,29.52499961853028,29.52499961853028,0.537089546031527,-0.084601080120894,-0.0249996185302698,-0.024999618530266332
2019-06-13,29.670000076293945,29.670000076293945,29.559999465942383,29.6200008392334,29.6200008392334,-0.7332038215507858,0.3217653579358437,0.0950012207031214,0.0950012207031179
2019-06-14,29.6200008392334,29.64999961853028,29.263999938964844,29.3700008392334,29.3700008392334,-0.0980571377596293,-0.8440242839860446,-0.25,-0.25
2019-06-17,29.32999992370605,29.559999465942383,29.270000457763672,29.450000762939453,29.450000762939453,2.3864872429528354,0.2723865216891274,0.0799999237060546,0.07999992370605469
2019-06-18,29.729999542236328,29.8799991607666,29.729999542236328,29.81100082397461,29.81100082397461,2.0782542934659505,1.22580662710694,0.3610000610351562,0.36100006103515625
2019-06-19,29.88999938964844,30.06999969482422,29.858999252319336,30.06999969482422,30.06999969482422,-0.5837575430116901,0.8688030045650663,0.2589988708496094,0.2589988708496094
2019-06-20,30.51000022888184,30.530000686645508,30.309999465942383,30.39999961853028,30.39999961853028,1.1722362298226836,1.0974390656973032,0.3299999237060582,0.3299999237060618
2019-06-21,30.350000381469727,30.420000076293945,30.1299991607666,30.1299991607666,30.1299991607666,-0.1914610618465641,-0.8881594116833424,-0.2700004577636754,-0.270000457763679
2019-06-24,30.299999237060547,30.530000686645508,29.959999084472656,30.03499984741211,30.03499984741211,0.0607295331881597,-0.3152980949239214,-0.0949993133544921,-0.09499931335449219
2019-06-25,30.1200008392334,30.1299991607666,29.6200008392334,29.80599975585937,29.80599975585937,4.581479458995802,-0.7624441242421676,-0.2290000915527379,-0.22900009155273793
2019-06-26,29.90999984741211,29.964000701904297,29.770000457763672,29.770000457763672,29.770000457763672,-0.0887167453509358,-0.1207786968750235,-0.0359992980956995,-0.03599929809569957
2019-06-27,29.940000534057617,30.125,29.920000076293945,30.124000549316406,30.124000549316406,0.4156644447185119,1.1891168495444804,0.3540000915527344,0.3540000915527344
2019-06-28,30.270000457763672,30.44499969482422,30.270000457763672,30.44499969482422,30.44499969482422,-0.8266077456377205,1.0655926824270967,0.3209991455078125,0.3209991455078125
2019-07-01,30.940000534057617,30.95199966430664,30.600000381469727,30.677000045776367,30.677000045776367,0.1821546345011749,0.7620310503454908,0.2320003509521484,0.23200035095214844
2019-07-02,30.799999237060547,30.799999237060547,30.63999938964844,30.76499938964844,30.76499938964844,0.3316009130402706,0.2868577231827096,0.0879993438720738,0.08799934387207387
2019-07-03,31.030000686645508,31.100000381469727,30.89999961853028,31.100000381469727,31.100000381469727,-0.6865018595073185,1.0889029691773855,0.3350009918212855,0.3350009918212855
2019-07-05,30.86000061035156,31.15999984741211,30.68000030517578,30.895000457763672,30.895000457763672,-0.7051826443247053,-0.6591637337348688,-0.2049999237060547,-0.2049999237060547
2019-07-08,30.75,31.059999465942383,30.676000595092773,30.770000457763672,30.770000457763672,-0.013993606081388,-0.404596206984642,-0.125,-0.125
2019-07-09,30.450000762939453,30.86000061035156,30.450000762939453,30.8129997253418,30.8129997253418,-0.7799057835942532,0.1397441239467944,0.0429992675781285,0.04299926757812855
2019-07-10,31.5,31.5,30.934999465942383,30.979999542236328,30.979999542236328,3.638099825717761,0.5419784454065324,0.1669998168945277,0.1669998168945277
2019-07-11,31.21999931335449,31.21999931335449,30.920000076293945,31.09000015258789,31.09000015258789,0.9387264196053466,0.3550697610617881,0.1100006103515625,0.1100006103515625
2019-07-12,31.1200008392334,31.1200008392334,30.88999938964844,31.07999992370605,31.07999992370605,-0.3315669479769663,-0.0321654192111942,-0.0100002288818394,-0.01000022888183949
2019-07-15,31.100000381469727,31.299999237060547,30.940000534057617,31.04599952697754,31.04599952697754,0.3876432674924314,-0.1093963861389157,-0.034000396728512,-0.03400039672851207
2019-07-16,31.11000061035156,31.11000061035156,30.76000022888184,30.86000061035156,30.86000061035156,0.4997279763967532,-0.5991075161369985,-0.1859989166259801,-0.18599891662598012
2019-07-17,30.89999961853028,30.98600006103516,30.8799991607666,30.88999938964844,30.88999938964844,0.0887507104142401,0.0972092634593746,0.0299987792968821,0.029998779296882105
2019-07-18,30.76000022888184,30.86000061035156,30.6200008392334,30.81399917602539,30.81399917602539,-0.3782689100204336,-0.2460350117343135,-0.0760002136230504,-0.07600021362305043
2019-07-19,30.959999084472656,30.959999084472656,30.729999542236328,30.729999542236328,30.729999542236328,-0.1540994922117902,-0.2726021809412504,-0.0839996337890625,-0.0839996337890625
2019-07-22,30.76000022888184,30.809999465942383,30.63999938964844,30.75,30.75,-0.3315669479769663,0.0650844714012555,0.0200004577636718,0.020000457763671875
2019-07-23,30.82999992370605,30.850000381469727,30.68000030517578,30.81100082397461,30.81100082397461,-0.6958422519160119,0.1983766633320671,0.0610008239746093,0.061000823974609375
2019-07-24,30.8799991607666,31.107999801635746,30.85700035095215,31.107999801635746,31.107999801635746,-0.9760540241768162,0.9639381056068652,0.2969989776611363,0.29699897766113637
2019-07-25,31.13999938964844,31.13999938964844,30.780000686645508,30.795000076293945,30.795000076293945,-0.2942053783421923,-1.006171169273773,-0.3129997253418004,-0.3129997253418004
2019-07-26,30.82999992370605,31.11000061035156,30.82999992370605,31.06800079345703,31.06800079345703,-0.5463959733769163,0.8865098765602708,0.2730007171630859,0.27300071716308594
2019-07-29,31.0,31.0,30.690000534057617,30.81999969482422,30.81999969482422,-0.6678210746899315,-0.7982525180218247,-0.2480010986328125,-0.2480010986328125
2019-07-30,30.81999969482422,31.0,30.3799991607666,30.718000411987305,30.718000411987305,-0.1073975301683228,-0.3309516023585312,-0.101999282836914,-0.10199928283691406
2019-07-31,30.700000762939453,30.850000381469727,30.31999969482422,30.5,30.5,-0.1821206694378706,-0.7096829515707448,-0.2180004119873047,-0.2180004119873047
2019-08-01,30.26000022888184,30.670000076293945,30.09000015258789,30.190000534057617,30.190000534057617,-0.5744171506029967,-1.0163916916143712,-0.3099994659423828,-0.3099994659423828
2019-08-02,29.84000015258789,30.0,29.39999961853028,29.582000732421875,29.582000732421875,-0.3315669479769663,-2.013911198676044,-0.6079998016357422,-0.6079998016357422
2019-08-05,28.88999938964844,28.88999938964844,28.14999961853028,28.739999771118164,28.739999771118164,-0.3876093024291271,-2.846328647341545,-0.8420009613037109,-0.8420009613037109
2019-08-06,28.81999969482422,28.940000534057617,28.729999542236328,28.780000686645508,28.780000686645508,-0.7332038215507858,0.1391820314749603,0.0400009155273437,0.04000091552734375
2019-08-07,28.61000061035156,29.0,28.590999603271484,28.933000564575195,28.933000564575195,-0.3595881252030467,0.5316187431527064,0.1529998779296875,0.1529998779296875
2019-08-08,29.170000076293945,29.450000762939453,29.170000076293945,29.200000762939453,29.200000762939453,3.0403147115613787,0.9228223590855844,0.2670001983642578,0.2670001983642578
2019-08-09,29.229999542236328,29.31999969482422,29.11400032043457,29.280000686645508,29.280000686645508,-0.639799897463851,0.2739723343007316,0.0799999237060546,0.07999992370605469
2019-08-12,29.07999992370605,29.1200008392334,28.670000076293945,28.690000534057617,28.690000534057617,3.077676281196153,-2.0150277962834418,-0.5900001525878906,-0.5900001525878906
2019-08-13,28.559999465942383,28.989999771118164,28.559999465942383,28.950000762939453,28.950000762939453,-0.1167379225770163,0.9062398886092504,0.2600002288818359,0.26000022888183594
2019-08-14,28.700000762939453,28.799999237060547,28.06999969482422,28.242000579833984,28.242000579833984,-0.5557363657856097,-2.44559642296045,-0.7080001831054688,-0.7080001831054688
2019-08-15,28.190000534057617,28.290000915527344,28.10700035095215,28.21199989318848,28.21199989318848,-0.3409073403856598,-0.1062272007278597,-0.0300006866455042,-0.03000068664550426
2019-08-16,28.5,28.64200019836425,28.46999931335449,28.61000061035156,28.61000061035156,-0.7799057835942532,1.4107497471640418,0.3980007171630788,0.39800071716307883
2019-08-19,29.07999992370605,29.07999992370605,28.71999931335449,28.950000762939453,28.950000762939453,-0.4623324416986749,1.188396173836059,0.3400001525878942,0.3400001525878942
2019-08-20,28.89999961853028,28.979999542236328,28.799999237060547,28.89999961853028,28.89999961853028,-0.9573732393594292,-0.1727155201777575,-0.0500011444091761,-0.05000114440917258
2019-08-21,29.18000030517578,29.26700019836425,29.1299991607666,29.23699951171875,29.23699951171875,-0.7892461760029467,1.166089611199839,0.336999893188473,0.33699989318846946
2019-08-22,29.25,29.25,28.89999961853028,29.107999801635746,29.107999801635746,-0.9293520621333488,-0.4412207553353697,-0.1289997100830042,-0.12899971008300426
2019-08-23,28.86000061035156,29.152000427246094,28.43000030517578,28.530000686645508,28.530000686645508,-0.8639693152724944,-1.985705369414481,-0.5779991149902379,-0.5779991149902379
2019-08-26,28.56999969482422,28.64200019836425,28.3799991607666,28.5939998626709,28.5939998626709,3.077676281196153,0.2243223781461356,0.0639991760253906,0.06399917602539062
2019-08-27,28.61000061035156,28.82999992370605,28.51799964904785,28.64299964904785,28.64299964904785,-0.2755245935248054,0.1713638756812185,0.0489997863769531,0.048999786376953125
2019-08-28,28.479999542236328,28.604999542236328,28.280000686645508,28.459999084472656,28.459999084472656,0.0420487483707728,-0.6389015355145578,-0.1830005645751953,-0.1830005645751953
2019-08-29,28.84000015258789,28.920000076293945,28.76000022888184,28.849000930786133,28.849000930786133,0.3689624826750445,1.3668371708617233,0.3890018463134765,0.38900184631347656
2019-08-30,29.18000030517578,29.18000030517578,28.920000076293945,29.00200080871582,29.00200080871582,-0.8079269608203337,0.5303472321164904,0.1529998779296875,0.1529998779296875
2019-09-03,28.790000915527344,29.0,28.61000061035156,28.674999237060547,28.674999237060547,-0.2568438087074184,-1.1275138353799452,-0.3270015716552734,-0.32700157165527344
2019-09-04,29.540000915527344,29.540000915527344,28.96999931335449,29.12299919128418,29.12299919128418,-0.424970872063901,1.5623364120080696,0.4479999542236328,0.4479999542236328
2019-09-05,29.57999992370605,29.65999984741211,29.38999938964844,29.625,29.625,-0.6304595050551576,1.723726342258236,0.5020008087158203,0.5020008087158203
2019-09-06,29.690000534057617,29.76300048828125,29.63999938964844,29.64200019836425,29.64200019836425,-0.658480682281238,0.0573846358287166,0.0170001983642542,0.017000198364250707
2019-09-09,29.540000915527344,29.54800033569336,29.24099922180176,29.256999969482425,29.256999969482425,-0.1354187073944032,-1.298833500794172,-0.3850002288818288,-0.3850002288818253
2019-09-10,29.059999465942383,29.299999237060547,28.950000762939453,29.292999267578125,29.292999267578125,-0.4156304796552075,0.1230450768474167,0.0359992980956995,0.03599929809569957
2019-09-11,29.280000686645508,29.573999404907227,29.280000686645508,29.573999404907227,29.573999404907227,-0.7145230367333988,0.9592740393781218,0.2810001373291015,0.28100013732910156
2019-09-12,29.71999931335449,29.76000022888184,29.617000579833984,29.70400047302246,29.70400047302246,-1.0227559862202835,0.4395789231457891,0.1300010681152343,0.13000106811523438
2019-09-13,29.65999984741211,29.77199935913086,29.621000289916992,29.663000106811523,29.663000106811523,-0.910671277315962,-0.1380297790130158,-0.0410003662109375,-0.0410003662109375
2019-09-16,29.479999542236328,29.63999938964844,29.479999542236328,29.614999771118164,29.614999771118164,-0.8639693152724944,-0.1618188838637957,-0.0480003356933593,-0.048000335693359375
2019-09-17,28.280000686645508,29.76099967956543,28.280000686645508,29.76099967956543,29.76099967956543,-0.9760540241768162,0.492993110165929,0.1459999084472656,0.14599990844726562
2019-09-18,29.670000076293945,29.770000457763672,29.350000381469727,29.670000076293945,29.670000076293945,-0.228822631481338,-0.3057679656304213,-0.0909996032714843,-0.09099960327148438
2019-09-19,29.90999984741211,29.90999984741211,29.57999992370605,29.64699935913086,29.64699935913086,-0.0980571377596293,-0.0775217967776908,-0.0230007171630859,-0.023000717163085938
2019-09-20,28.31999969482422,29.709999084472656,28.31999969482422,29.55299949645996,29.55299949645996,-0.7705653911855597,-0.3170636647986669,-0.0939998626708984,-0.09399986267089844
2019-09-23,29.40999984741211,29.530000686645508,29.40999984741211,29.5,29.5,-0.7985865684116401,-0.1793371142117417,-0.0529994964599609,-0.05299949645996094
2019-09-24,29.64999961853028,29.64999961853028,29.14200019836425,29.176000595092773,29.176000595092773,-0.5557363657856097,-1.0983030674821204,-0.3239994049072265,-0.32399940490722656
2019-09-25,29.100000381469727,29.299999237060547,28.940000534057617,29.27499961853028,29.27499961853028,-0.6865018595073185,0.3393166349679788,0.0989990234375035,0.0989990234375071
2019-09-26,29.21999931335449,29.21999931335449,29.08799934387207,29.1200008392334,29.1200008392334,1.1255342677792162,-0.5294578354110957,-0.1549987792968785,-0.1549987792968821
2019-09-27,29.24300003051757,29.26799964904785,28.666000366210938,28.80299949645996,28.80299949645996,-0.7145230367333988,-1.0886034808980538,-0.3170013427734375,-0.3170013427734375
2019-09-30,28.350000381469727,29.083999633789062,28.26000022888184,29.066999435424805,29.066999435424805,-0.7238634291420923,0.9165709946191258,0.2639999389648437,0.26399993896484375
2019-10-01,29.202999114990234,29.202999114990234,28.700000762939453,28.777000427246094,28.777000427246094,2.5732950911267047,-0.9976915877504712,-0.2899990081787109,-0.28999900817871094
2019-10-02,28.520000457763672,28.520000457763672,28.0,28.18600082397461,28.18600082397461,0.3129201282228836,-2.0537220505856717,-0.5909996032714844,-0.5909996032714844
2019-10-03,28.209999084472656,28.527000427246094,28.0,28.527000427246094,28.527000427246094,0.2755585585881097,1.2098190353469152,0.3409996032714844,0.3409996032714844
2019-10-04,28.670000076293945,28.96699905395508,28.670000076293945,28.96699905395508,28.96699905395508,-0.6491402898725445,1.5423935924533616,0.4399986267089879,0.4399986267089879
2019-10-07,30.31999969482422,30.31999969482422,28.86000061035156,28.93000030517578,28.93000030517578,-0.8172673532290271,-0.12772724130099,-0.0369987487793004,-0.03699874877930043
2019-10-08,28.790000915527344,28.790000915527344,28.3799991607666,28.3799991607666,28.3799991607666,-1.0601175558550575,-1.901144620142925,-0.5500011444091797,-0.5500011444091797
2019-10-09,28.6200008392334,28.725000381469727,28.56999969482422,28.68899917602539,28.68899917602539,-0.5650767581943033,1.0887950119673029,0.309000015258789,0.30900001525878906
2019-10-10,28.68899917602539,28.93000030517578,28.64999961853028,28.729999542236328,28.729999542236328,-1.106819517898525,0.1429131980497988,0.0410003662109375,0.0410003662109375
2019-10-11,29.049999237060547,29.42300033569336,29.049999237060547,29.263999938964844,29.263999938964844,-0.7892461760029467,1.8586857126241083,0.5340003967285156,0.5340003967285156
2019-10-14,29.299999237060547,29.299999237060547,29.25,29.280000686645508,29.280000686645508,-0.9760540241768162,0.0546772406849305,0.016000747680664,0.016000747680664062
2019-10-15,29.32699966430664,29.52899932861328,29.290000915527344,29.43000030517578,29.43000030517578,-0.8172673532290271,0.5122937671196315,0.1499996185302734,0.14999961853027344
2019-10-16,29.270000457763672,29.31800079345703,29.15999984741211,29.249000549316406,29.249000549316406,-0.910671277315962,-0.615017852471933,-0.180999755859375,-0.180999755859375
2019-10-17,29.40999984741211,29.479999542236328,29.25,29.30699920654297,29.30699920654297,-0.6958422519160119,0.198292783128684,0.0579986572265625,0.0579986572265625
2019-10-18,29.75,29.75,29.059999465942383,29.09000015258789,29.09000015258789,-0.8172673532290271,-0.7404342301501554,-0.2169990539550781,-0.21699905395507812
2019-10-21,29.18000030517578,29.270000457763672,29.18000030517578,29.225000381469727,29.225000381469727,-0.854628922863801,0.4640777867779722,0.1350002288818359,0.13500022888183594
2019-10-22,29.1200008392334,29.14999961853028,28.85300064086914,28.85300064086914,28.85300064086914,-0.854628922863801,-1.2728819016079584,-0.3719997406005859,-0.37199974060058594
2019-10-23,28.86000061035156,28.944000244140625,28.84499931335449,28.937000274658203,28.937000274658203,-0.5837575430116901,0.2911296292354537,0.0839996337890625,0.0839996337890625
2019-10-24,29.309999465942383,29.347000122070312,29.18000030517578,29.347000122070312,29.347000122070312,-0.6865018595073185,1.416870593083441,0.4099998474121094,0.4099998474121094
2019-10-25,29.29199981689453,29.489999771118164,29.29199981689453,29.448999404907227,29.448999404907227,-0.5090344037421424,0.3475628936949082,0.101999282836914,0.10199928283691406
2019-10-28,29.559999465942383,29.840999603271484,29.559999465942383,29.76300048828125,29.76300048828125,-0.424970872063901,1.0662538276994926,0.3140010833740234,0.31400108337402344
2019-10-29,29.780000686645508,29.850000381469727,29.65999984741211,29.739999771118164,29.739999771118164,-0.5277151885595293,-0.0772795645121227,-0.0230007171630859,-0.023000717163085938
2019-10-30,29.270000457763672,29.90999984741211,29.270000457763672,29.893999099731445,29.893999099731445,-0.8172673532290271,0.5178188628059077,0.1539993286132812,0.15399932861328125
2019-10-31,29.93000030517578,29.93000030517578,29.75,29.840999603271484,29.840999603271484,-0.854628922863801,-0.1772914232155642,-0.0529994964599609,-0.05299949645996094
2019-11-01,30.06999969482422,30.39999961853028,30.06999969482422,30.36000061035156,30.36000061035156,0.6304934701184619,1.7392212525721762,0.5190010070800746,0.5190010070800746
2019-11-04,30.479999542236328,30.56999969482422,30.479999542236328,30.5,30.5,-0.8919904924985749,0.4611310501775989,0.139999389648441,0.13999938964844105
2019-11-05,30.499000549316406,30.499000549316406,30.190000534057617,30.36000061035156,30.36000061035156,-0.5090344037421424,-0.4590143922899692,-0.139999389648441,-0.13999938964844105
2019-11-06,30.427000045776367,30.427000045776367,30.34000015258789,30.350000381469727,30.350000381469727,-0.7892461760029467,-0.0329388296468668,-0.0100002288818323,-0.010000228881832385
2019-11-07,30.56999969482422,30.799999237060547,30.56999969482422,30.670000076293945,30.670000076293945,-0.7892461760029467,1.0543647143398172,0.3199996948242187,0.31999969482421875
2019-11-08,30.6299991607666,30.770000457763672,30.6299991607666,30.76499938964844,30.76499938964844,0.6771954321619292,0.3097467007439736,0.0949993133544957,0.09499931335449574
2019-11-11,30.71999931335449,30.88999938964844,30.71999931335449,30.84600067138672,30.84600067138672,-0.639799897463851,0.2632903732984637,0.0810012817382777,0.0810012817382777
2019-11-12,30.780000686645508,30.968000411987305,30.780000686645508,30.836000442504883,30.836000442504883,-0.658480682281238,-0.0324198556187926,-0.0100002288818359,-0.010000228881835938
2019-11-13,30.809999465942383,30.94700050354004,30.739999771118164,30.816999435424805,30.816999435424805,-0.639799897463851,-0.0616195576839007,-0.0190010070800781,-0.019001007080078125
2019-11-14,30.93000030517578,30.940000534057617,30.8799991607666,30.902000427246094,30.902000427246094,-0.210141846663951,0.2758250101519532,0.085000991821289,0.08500099182128906
2019-11-15,30.996999740600582,31.1200008392334,30.983999252319336,31.10199928283692,31.10199928283692,-0.5557363657856097,0.6472035882003402,0.1999988555908238,0.19999885559082742
2019-11-18,31.200000762939453,31.200000762939453,31.059999465942383,31.08799934387207,31.08799934387207,-0.3409073403856598,-0.0450129872280324,-0.0139999389648473,-0.013999938964850855
2019-11-19,31.280000686645508,31.36000061035156,31.13999938964844,31.27499961853028,31.27499961853028,0.8079609258836379,0.6015191668970132,0.1870002746582066,0.18700027465821023
2019-11-20,31.32999992370605,31.32999992370605,31.104999542236328,31.270000457763672,31.270000457763672,-0.9013308849072684,-0.0159845270266356,-0.0049991607666051,-0.004999160766608668
2019-11-21,31.450000762939453,31.450000762939453,31.100000381469727,31.15699958801269,31.15699958801269,0.1541334572750945,-0.3613715001495099,-0.1130008697509801,-0.11300086975098012
2019-11-22,31.14999961853028,31.382999420166016,31.14999961853028,31.308000564575195,31.308000564575195,-0.0793763529422424,0.4846454362075425,0.1510009765625035,0.15100097656250355
2019-11-25,31.56999969482422,31.799999237060547,31.54899978637696,31.79700088500977,31.79700088500977,-0.2008014542552576,1.561902106862334,0.4890003204345738,0.48900032043457387
2019-11-26,31.88999938964844,31.920000076293945,31.88999938964844,31.902000427246094,31.902000427246094,-0.247503416298725,0.330218383224401,0.1049995422363245,0.10499954223632457
2019-11-27,31.84000015258789,32.060001373291016,31.84000015258789,32.029998779296875,32.029998779296875,-0.0606955681248554,0.4012235920524354,0.1279983520507812,0.12799835205078125
2019-11-29,32.040000915527344,32.09600067138672,31.97900009155273,31.97900009155273,31.97900009155273,-1.0227559862202835,-0.1592216349914688,-0.0509986877441441,-0.05099868774414418
2019-12-02,31.89999961853028,31.89999961853028,31.559999465942383,31.61100006103516,31.61100006103516,-0.3409073403856598,-1.1507552752244354,-0.368000030517571,-0.368000030517571
2019-12-03,31.549999237060547,31.573999404907227,31.33699989318848,31.573999404907227,31.573999404907227,-0.854628922863801,-0.1170499384913204,-0.0370006561279332,-0.03700065612793324
2019-12-04,31.61000061035156,31.665000915527344,31.61000061035156,31.665000915527344,31.665000915527344,-0.0887167453509358,0.2882166096638716,0.0910015106201171,0.09100151062011719
2019-12-05,31.75,31.75,31.64200019836425,31.68000030517578,31.68000030517578,-0.6117787202377706,0.0473689853616399,0.0149993896484375,0.0149993896484375
2019-12-06,31.809999465942383,31.93000030517578,31.809999465942383,31.843000411987305,31.843000411987305,-0.4623324416986749,0.5145205342213632,0.1630001068115234,0.16300010681152344
2019-12-09,31.86000061035156,31.895000457763672,31.69700050354004,31.69700050354004,31.69700050354004,-0.6491402898725445,-0.4584992197918081,-0.1459999084472656,-0.14599990844726562
2019-12-10,31.71999931335449,31.71999931335449,31.63999938964844,31.67099952697754,31.67099952697754,-0.7705653911855597,-0.0820297698502892,-0.0260009765625,-0.0260009765625
2019-12-11,31.61000061035156,31.729999542236328,31.549999237060547,31.64800071716309,31.64800071716309,-0.7892461760029467,-0.0726178843672431,-0.0229988098144495,-0.022998809814449572
2019-12-12,31.739999771118164,31.8700008392334,31.64200019836425,31.72900009155273,31.72900009155273,0.555770330848914,0.2559383612049659,0.0809993743896413,0.08099937438964133
2019-12-13,31.8700008392334,32.02899932861328,31.76000022888184,31.94700050354004,31.94700050354004,-0.3782689100204336,0.6870699087846432,0.2180004119873082,0.21800041198730824
2019-12-16,32.18000030517578,33.470001220703125,32.16999816894531,32.2400016784668,32.2400016784668,-0.4529920492899815,0.9171476830643012,0.2930011749267578,0.2930011749267578
2019-12-17,32.33000183105469,32.33000183105469,32.20000076293945,32.21500015258789,32.21500015258789,-0.4810132265160619,-0.077548153155349,-0.0250015258789062,-0.02500152587890625
2019-12-18,32.290000915527344,32.30699920654297,32.189998626708984,32.2599983215332,32.2599983215332,0.1728142420924814,0.13968079693365,0.0449981689453125,0.0449981689453125
2019-12-19,32.15999984741211,32.18000030517578,32.073001861572266,32.141998291015625,32.141998291015625,-0.873309707681188,-0.3657781669468174,-0.1180000305175781,-0.11800003051757812
2019-12-20,32.290000915527344,32.290000915527344,32.08000183105469,32.130001068115234,32.130001068115234,-0.2381630238900315,-0.0373256908041796,-0.0119972229003906,-0.011997222900390625
2019-12-23,32.220001220703125,32.22999954223633,32.060001373291016,32.167999267578125,32.167999267578125,-0.6865018595073185,0.1182639221901427,0.0379981994628906,0.037998199462890625
2019-12-24,32.4900016784668,32.4900016784668,32.17499923706055,32.20000076293945,32.20000076293945,-0.9573732393594292,0.0994823927193522,0.0320014953613281,0.032001495361328125
2019-12-26,32.209999084472656,32.38999938964844,32.209999084472656,32.375,32.375,-1.069457948263751,0.5434758786153848,0.1749992370605468,0.17499923706054688
2019-12-27,32.5,32.5,32.31999969482422,32.321998596191406,32.321998596191406,-1.069457948263751,-0.1637108997948888,-0.0530014038085937,-0.05300140380859375
2019-12-30,32.400001525878906,32.400001525878906,32.09000015258789,32.154998779296875,32.154998779296875,-0.0793763529422424,-0.5166754042066235,-0.1669998168945312,-0.16699981689453125
2019-12-31,32.08000183105469,32.20500183105469,32.06999969482422,32.20500183105469,32.20500183105469,-0.8919904924985749,0.1555063089910824,0.0500030517578125,0.0500030517578125
2020-01-02,32.27000045776367,32.58000183105469,32.27000045776367,32.529998779296875,32.529998779296875,0.163473849683788,1.009150534898584,0.3249969482421875,0.3249969482421875
2020-01-03,32.20000076293945,32.48699951171875,32.20000076293945,32.41999816894531,32.41999816894531,-0.4062900872465141,-0.3381512895154759,-0.1100006103515625,-0.1100006103515625
2020-01-06,32.099998474121094,32.54100036621094,32.099998474121094,32.54100036621094,32.54100036621094,-0.7612249987768662,0.3732332020349505,0.121002197265625,0.121002197265625
2020-01-07,32.54100036621094,32.638999938964844,32.47999954223633,32.56999969482422,32.56999969482422,-0.4623324416986749,0.0891162788080546,0.0289993286132812,0.02899932861328125
2020-01-08,32.619998931884766,33.02000045776367,32.619998931884766,32.891998291015625,32.891998291015625,-0.621119112646464,0.9886355517607636,0.3219985961914062,0.32199859619140625
2020-01-09,33.130001068115234,33.16999816894531,33.06999969482422,33.124000549316406,33.124000549316406,-0.5370555809682228,0.705345586632089,0.2320022583007812,0.23200225830078125
2020-01-10,33.27000045776367,33.27000045776367,33.07899856567383,33.150001525878906,33.150001525878906,-0.5183747961508358,0.0784958825362558,0.0260009765625,0.0260009765625
2020-01-13,33.16999816894531,33.439998626708984,33.16999816894531,33.415000915527344,33.415000915527344,-0.3689285176117401,0.7993948037726684,0.2649993896484375,0.2649993896484375
2020-01-14,33.439998626708984,33.56999969482422,33.34199905395508,33.439998626708984,33.439998626708984,-0.3782689100204336,0.0748098473641656,0.0249977111816406,0.024997711181640625
2020-01-15,33.53400039672852,33.66999816894531,33.479000091552734,33.54899978637695,33.54899978637695,2.498571951857157,0.325960419091964,0.1090011596679687,0.10900115966796875
2020-01-16,33.68000030517578,33.90900039672852,33.650001525878906,33.88100051879883,33.88100051879883,-0.4903536189247554,0.9895994948758258,0.332000732421875,0.332000732421875
2020-01-17,34.0099983215332,34.0099983215332,33.86000061035156,33.904998779296875,33.904998779296875,0.2755585585881097,0.070831026624285,0.0239982604980468,0.023998260498046875
2020-01-21,35.150001525878906,35.150001525878906,33.619998931884766,33.867000579833984,33.867000579833984,0.144793064866401,-0.1120725581211123,-0.0379981994628906,-0.037998199462890625
2020-01-22,34.029998779296875,34.19900131225586,33.970001220703125,33.99100112915039,33.99100112915039,1.200257407048764,0.3661397442743741,0.1240005493164062,0.12400054931640625
2020-01-23,33.84000015258789,34.06999969482422,33.84000015258789,34.060001373291016,34.060001373291016,0.1167718876403206,0.2029956219249173,0.069000244140625,0.069000244140625
2020-01-24,34.31999969482422,34.31999969482422,33.86000061035156,33.939998626708984,33.939998626708984,0.9013648499705726,-0.3523274860350867,-0.1200027465820312,-0.12000274658203125
2020-01-27,33.40999984741211,33.40999984741211,33.0,33.244998931884766,33.244998931884766,0.0794103180055467,-2.047730474206,-0.6949996948242188,-0.6949996948242188
2020-01-28,33.33000183105469,33.66899871826172,33.279998779296875,33.624000549316406,33.624000549316406,0.2101758117272553,1.140025957612978,0.3790016174316406,0.3790016174316406
2020-01-29,33.63999938964844,33.720001220703125,33.529998779296875,33.55400085449219,33.55400085449219,0.0794103180055467,-0.2081837190121116,-0.0699996948242187,-0.06999969482421875
2020-01-30,33.290000915527344,33.58000183105469,33.20000076293945,33.58000183105469,33.58000183105469,-0.4996940113334489,0.0774899442699927,0.0260009765625,0.0260009765625
2020-01-31,33.400001525878906,33.400001525878906,32.880001068115234,32.95000076293945,32.95000076293945,-0.0980571377596293,-1.8761198146588831,-0.6300010681152344,-0.6300010681152344
2020-02-03,33.13999938964844,33.400001525878906,33.03300094604492,33.314998626708984,33.314998626708984,-0.4156304796552075,1.107732489584845,0.3649978637695312,0.36499786376953125
2020-02-04,33.72999954223633,33.939998626708984,33.72999954223633,33.939998626708984,33.939998626708984,0.0327083559620793,1.8760318948322972,0.625,0.625
2020-02-05,34.25,34.25,33.93299865722656,34.07500076293945,34.07500076293945,0.163473849683788,0.3977670645049169,0.1350021362304687,0.13500213623046875
2020-02-06,35.2400016784668,35.2400016784668,34.01100158691406,34.12900161743164,34.12900161743164,0.6118126853010749,0.1584764586444853,0.0540008544921875,0.0540008544921875
2020-02-07,34.060001373291016,34.060001373291016,33.720001220703125,33.76499938964844,33.76499938964844,0.163473849683788,-1.0665481277872702,-0.3640022277832031,-0.3640022277832031
2020-02-10,33.77000045776367,34.02000045776367,33.77000045776367,34.02000045776367,34.02000045776367,0.7145570017967031,0.7552230792973402,0.2550010681152344,0.2550010681152344
2020-02-11,34.20000076293945,34.33000183105469,34.143001556396484,34.19499969482422,34.19499969482422,0.2101758117272553,0.5144010426390455,0.1749992370605468,0.17499923706054688
2020-02-12,34.31999969482422,34.41999816894531,34.20000076293945,34.40999984741211,34.40999984741211,-0.1447590998030967,0.6287473446605407,0.2150001525878906,0.21500015258789062
2020-02-13,34.22999954223633,34.50899887084961,34.185001373291016,34.391998291015625,34.391998291015625,-0.3222265555682728,-0.0523148982165322,-0.0180015563964843,-0.018001556396484375
2020-02-14,34.45000076293945,34.59000015258789,34.42300033569336,34.59000015258789,34.59000015258789,0.2848989509968032,0.5757207240382645,0.1980018615722656,0.19800186157226562
2020-02-18,34.45000076293945,34.52000045776367,34.38999938964844,34.45199966430664,34.45199966430664,-0.013993606081388,-0.3989606466391571,-0.13800048828125,-0.13800048828125
2020-02-19,34.7400016784668,35.0,34.7400016784668,34.90999984741211,34.90999984741211,0.1821546345011749,1.3293863565776445,0.4580001831054687,0.45800018310546875
2020-02-20,34.880001068115234,35.04199981689453,34.45899963378906,34.86100006103516,34.86100006103516,-0.1354187073944032,-0.1403603167892231,-0.048999786376946,-0.04899978637694602
2020-02-21,34.75,34.75,34.15999984741211,34.25199890136719,34.25199890136719,0.1541334572750945,-1.746941162335358,-0.6090011596679759,-0.6090011596679759
2020-02-24,33.22999954223633,33.24399948120117,32.75,33.07099914550781,33.07099914550781,1.0788323057357487,-3.447973238759605,-1.180999755859375,-1.180999755859375
2020-02-26,32.060001373291016,32.4900016784668,31.850000381469727,31.86199951171875,31.86199951171875,1.022789951283588,-3.655769904228268,-1.2089996337890625,-1.2089996337890625
2020-02-27,31.440000534057617,31.809999465942383,30.799999237060547,30.89999961853028,30.89999961853028,2.4798911670397703,-3.019270315520073,-0.961999893188473,-0.9619998931884695
2020-02-28,30.0,30.84000015258789,29.84499931335449,30.81999969482422,30.81999969482422,1.8821060528833875,-0.258899432665638,-0.0799999237060582,-0.07999992370606179
2020-03-02,31.32999992370605,31.65999984741211,30.55500030517578,31.65999984741211,31.65999984741211,1.4804691793095683,2.725503442263033,0.8400001525878906,0.8400001525878906
2020-03-03,34.33000183105469,34.33000183105469,30.474000930786133,31.03499984741211,31.03499984741211,0.5090683688054467,-1.974099820000752,-0.625,-0.625
2020-03-04,31.959999084472656,31.99300003051757,31.190000534057617,31.99300003051757,31.99300003051757,3.5073343319960526,3.0868380467717227,0.9580001831054652,0.9580001831054616
2020-03-05,30.600000381469727,32.86000061035156,30.600000381469727,30.98200035095215,30.98200035095215,0.6211530777097684,-3.160065259903888,-1.010999679565426,-1.0109996795654226
2020-03-06,30.256999969482425,30.6299991607666,30.0,30.450000762939453,30.450000762939453,-0.0046532136726945,-1.7171247239894385,-0.5319995880126953,-0.5319995880126953
2020-03-10,28.709999084472656,29.07299995422364,27.530000686645508,29.07299995422364,29.07299995422364,0.3316009130402706,-4.5221700302607415,-1.3770008087158168,-1.3770008087158132
2020-03-11,28.09000015258789,28.1200008392334,27.06999969482422,27.66399955749512,27.66399955749512,1.2469593690922314,-4.8464224502013264,-1.4090003967285156,-1.4090003967285192
2020-03-12,26.309999465942383,26.309999465942383,24.0,24.975000381469727,24.975000381469727,1.695298204709518,-9.720211173502758,-2.688999176025394,-2.688999176025394
2020-03-16,25.809999465942383,25.809999465942383,22.559999465942383,23.559999465942383,23.559999465942383,2.1062754706920312,-5.665669244903027,-1.4150009155273438,-1.4150009155273438
2020-03-17,23.780000686645508,24.68000030517578,23.416000366210938,24.5,24.5,0.770599356248864,3.989815600023472,0.9400005340576172,0.9400005340576172
2020-03-19,22.93000030517578,23.9950008392334,22.40999984741211,23.77499961853028,23.77499961853028,1.1255342677792162,-2.95918523048867,-0.725000381469723,-0.7250003814697195
2020-03-20,23.51000022888184,24.540000915527344,23.08099937438965,23.100000381469727,23.100000381469727,0.5464299384402206,-2.839113555797723,-0.6749992370605504,-0.674999237060554
2020-03-24,23.84000015258789,25.07999992370605,23.84000015258789,24.920000076293945,24.920000076293945,-0.4156304796552075,7.878786427571582,1.8199996948242188,1.8199996948242188
2020-03-25,24.920000076293945,26.559999465942383,24.920000076293945,25.8700008392334,25.8700008392334,-0.1354187073944032,3.812202086801664,0.9500007629394532,0.9500007629394531
2020-03-26,26.18000030517578,27.059999465942383,26.18000030517578,27.059999465942383,27.059999465942383,3.049655103970072,4.599917232721085,1.1899986267089844,1.1899986267089844
2020-03-27,26.155000686645508,26.729999542236328,25.834999084472656,26.190000534057617,26.190000534057617,0.8359821031097183,-3.2150737215636105,-0.8699989318847656,-0.8699989318847656
2020-03-30,26.415000915527344,26.799999237060547,26.26499938964844,26.790000915527344,26.790000915527344,-0.247503416298725,2.2909521543899247,0.6000003814697266,0.6000003814697266
2020-03-31,26.25,27.06999969482422,26.25,26.420000076293945,26.420000076293945,0.94806681201404,-1.3811154407947337,-0.3700008392333984,-0.37000083923339844
2020-04-01,25.31999969482422,26.1299991607666,25.0,25.114999771118164,25.114999771118164,0.94806681201404,-4.939440959149454,-1.3050003051757812,-1.3050003051757812
